#-----------------------------------------------------------
# Vivado v2025.1 (64-bit)
# SW Build 6140274 on Wed May 21 22:58:25 MDT 2025
# IP Build 6138677 on Thu May 22 03:10:11 MDT 2025
# SharedData Build 6139179 on Tue May 20 17:58:58 MDT 2025
# Start of session at: Wed Nov 26 15:41:54 2025
# Process ID         : 1321479
# Current directory  : /home/fpga/worker_place/temp/temp/20b5fb0942ca4bf394788858962ed3c2
# Command line       : vivado -mode batch -source build.tcl
# Log file           : /home/fpga/worker_place/temp/temp/20b5fb0942ca4bf394788858962ed3c2/vivado.log
# Journal file       : /home/fpga/worker_place/temp/temp/20b5fb0942ca4bf394788858962ed3c2/vivado.jou
# Running On         : eecs-digital-34
# Platform           : Ubuntu
# Operating System   : Ubuntu 24.04.3 LTS
# Processor Detail   : 13th Gen Intel(R) Core(TM) i7-13700
# CPU Frequency      : 800.000 MHz
# CPU Physical cores : 16
# CPU Logical cores  : 24
# Host memory        : 33325 MB
# Swap memory        : 8589 MB
# Total Virtual      : 41915 MB
# Available Virtual  : 40151 MB
#-----------------------------------------------------------
source build.tcl
# set_param general.maxThreads 4
# set partNum xc7s50csga324-1
# set outputDir obj
# file mkdir $outputDir
# set files [glob -nocomplain "$outputDir/*"]
# if {[llength $files] != 0} {
#     # clear folder contents
#     puts "deleting contents of $outputDir"
#     file delete -force {*}[glob -directory $outputDir *];
# } else {
#     puts "$outputDir is empty"
# }
obj is empty
# set sources_sv [ glob ./hdl/*.sv ]
# read_verilog -sv $sources_sv
# set sources_v [ glob -nocomplain ./hdl/*.v ]
# if {[llength $sources_v] > 0 } {
#     read_verilog $sources_v
# }
# read_xdc [ glob ./xdc/*.xdc ]
# set sources_mem [ glob -nocomplain ./data/*.mem ]
# if {[llength $sources_mem] > 0} {
#     read_mem $sources_mem
# }
# set_part $partNum
INFO: [Coretcl 2-1500] The part has been set to 'xc7s50csga324-1' for the current project only. Run set_part -help for more details. To evaluate different speed grades in the current design, use the set_speed_grade command, or use the open_checkpoint -part command to change the part used by an existing checkpoint design.
# set sources_ip [ glob -nocomplain -directory ./ip -tails * ]
# puts $sources_ip

# foreach ip_source $sources_ip {
#     if {[file isdirectory ./ip/$ip_source]} {
# 	read_ip ./ip/$ip_source/$ip_source.xci
#     }
# }
WARNING: [Coretcl 2-176] No IPs found
# generate_target all [get_ips]
WARNING: [Coretcl 2-176] No IPs found
# synth_ip [get_ips]
INFO: [Vivado 12-3441] generate_netlist_ip - operation complete
# synth_design -top top_level -part $partNum -verbose
Command: synth_design -top top_level -part xc7s50csga324-1 -verbose
Starting synth_design
Attempting to get a license for feature 'Synthesis' and/or device 'xc7s50'
INFO: [Common 17-349] Got license for feature 'Synthesis' and/or device 'xc7s50'
INFO: [Device 21-403] Loading part xc7s50csga324-1
INFO: [Synth 8-7079] Multithreading enabled for synth_design using a maximum of 4 processes.
INFO: [Synth 8-7078] Launching helper process for spawning children vivado processes
INFO: [Synth 8-7075] Helper process launched with PID 1321510
---------------------------------------------------------------------------------
Starting RTL Elaboration : Time (s): cpu = 00:00:02 ; elapsed = 00:00:02 . Memory (MB): peak = 2109.758 ; gain = 438.828 ; free physical = 18626 ; free virtual = 36997
---------------------------------------------------------------------------------
WARNING: [Synth 8-6901] identifier 'TOTAL_PIXELS' is used before its declaration [/home/fpga/worker_place/temp/temp/20b5fb0942ca4bf394788858962ed3c2/hdl/video_sig_gen.sv:15]
WARNING: [Synth 8-6901] identifier 'TOTAL_LINES' is used before its declaration [/home/fpga/worker_place/temp/temp/20b5fb0942ca4bf394788858962ed3c2/hdl/video_sig_gen.sv:16]
INFO: [Synth 8-6157] synthesizing module 'top_level' [/home/fpga/worker_place/temp/temp/20b5fb0942ca4bf394788858962ed3c2/hdl/top_level.sv:4]
INFO: [Synth 8-6157] synthesizing module 'cw_hdmi_clk_wiz' [/home/fpga/worker_place/temp/temp/20b5fb0942ca4bf394788858962ed3c2/hdl/cw_hdmi_clk_wiz.v:69]
INFO: [Synth 8-6157] synthesizing module 'IBUF' [/tools/Xilinx/2025.1/Vivado/scripts/rt/data/unisim_comp.v:76868]
INFO: [Synth 8-6155] done synthesizing module 'IBUF' (0#1) [/tools/Xilinx/2025.1/Vivado/scripts/rt/data/unisim_comp.v:76868]
INFO: [Synth 8-6157] synthesizing module 'MMCME2_ADV' [/tools/Xilinx/2025.1/Vivado/scripts/rt/data/unisim_comp.v:89421]
	Parameter BANDWIDTH bound to: OPTIMIZED - type: string 
	Parameter CLKFBOUT_MULT_F bound to: 37.125000 - type: double 
	Parameter CLKFBOUT_PHASE bound to: 0.000000 - type: double 
	Parameter CLKFBOUT_USE_FINE_PS bound to: FALSE - type: string 
	Parameter CLKIN1_PERIOD bound to: 10.000000 - type: double 
	Parameter CLKOUT0_DIVIDE_F bound to: 10.000000 - type: double 
	Parameter CLKOUT0_DUTY_CYCLE bound to: 0.500000 - type: double 
	Parameter CLKOUT0_PHASE bound to: 0.000000 - type: double 
	Parameter CLKOUT0_USE_FINE_PS bound to: FALSE - type: string 
	Parameter CLKOUT1_DIVIDE bound to: 2 - type: integer 
	Parameter CLKOUT1_DUTY_CYCLE bound to: 0.500000 - type: double 
	Parameter CLKOUT1_PHASE bound to: 0.000000 - type: double 
	Parameter CLKOUT1_USE_FINE_PS bound to: FALSE - type: string 
	Parameter CLKOUT4_CASCADE bound to: FALSE - type: string 
	Parameter COMPENSATION bound to: ZHOLD - type: string 
	Parameter DIVCLK_DIVIDE bound to: 5 - type: integer 
	Parameter STARTUP_WAIT bound to: FALSE - type: string 
INFO: [Synth 8-6155] done synthesizing module 'MMCME2_ADV' (0#1) [/tools/Xilinx/2025.1/Vivado/scripts/rt/data/unisim_comp.v:89421]
INFO: [Synth 8-6157] synthesizing module 'BUFG' [/tools/Xilinx/2025.1/Vivado/scripts/rt/data/unisim_comp.v:2678]
INFO: [Synth 8-6155] done synthesizing module 'BUFG' (0#1) [/tools/Xilinx/2025.1/Vivado/scripts/rt/data/unisim_comp.v:2678]
INFO: [Synth 8-6155] done synthesizing module 'cw_hdmi_clk_wiz' (0#1) [/home/fpga/worker_place/temp/temp/20b5fb0942ca4bf394788858962ed3c2/hdl/cw_hdmi_clk_wiz.v:69]
INFO: [Synth 8-6157] synthesizing module 'lab06_clk_wiz' [/home/fpga/worker_place/temp/temp/20b5fb0942ca4bf394788858962ed3c2/hdl/lab06_clk_wiz.v:70]
INFO: [Synth 8-6157] synthesizing module 'MMCME2_ADV__parameterized0' [/tools/Xilinx/2025.1/Vivado/scripts/rt/data/unisim_comp.v:89421]
	Parameter BANDWIDTH bound to: OPTIMIZED - type: string 
	Parameter CLKFBOUT_MULT_F bound to: 10.000000 - type: double 
	Parameter CLKFBOUT_PHASE bound to: 0.000000 - type: double 
	Parameter CLKFBOUT_USE_FINE_PS bound to: FALSE - type: string 
	Parameter CLKIN1_PERIOD bound to: 10.000000 - type: double 
	Parameter CLKOUT0_DIVIDE_F bound to: 12.000000 - type: double 
	Parameter CLKOUT0_DUTY_CYCLE bound to: 0.500000 - type: double 
	Parameter CLKOUT0_PHASE bound to: 0.000000 - type: double 
	Parameter CLKOUT0_USE_FINE_PS bound to: FALSE - type: string 
	Parameter CLKOUT1_DIVIDE bound to: 3 - type: integer 
	Parameter CLKOUT1_DUTY_CYCLE bound to: 0.500000 - type: double 
	Parameter CLKOUT1_PHASE bound to: 0.000000 - type: double 
	Parameter CLKOUT1_USE_FINE_PS bound to: FALSE - type: string 
	Parameter CLKOUT2_DIVIDE bound to: 3 - type: integer 
	Parameter CLKOUT2_DUTY_CYCLE bound to: 0.500000 - type: double 
	Parameter CLKOUT2_PHASE bound to: 90.000000 - type: double 
	Parameter CLKOUT2_USE_FINE_PS bound to: FALSE - type: string 
	Parameter CLKOUT3_DIVIDE bound to: 5 - type: integer 
	Parameter CLKOUT3_DUTY_CYCLE bound to: 0.500000 - type: double 
	Parameter CLKOUT3_PHASE bound to: 0.000000 - type: double 
	Parameter CLKOUT3_USE_FINE_PS bound to: FALSE - type: string 
	Parameter CLKOUT4_CASCADE bound to: FALSE - type: string 
	Parameter CLKOUT4_DIVIDE bound to: 40 - type: integer 
	Parameter CLKOUT4_DUTY_CYCLE bound to: 0.500000 - type: double 
	Parameter CLKOUT4_PHASE bound to: 0.000000 - type: double 
	Parameter CLKOUT4_USE_FINE_PS bound to: FALSE - type: string 
	Parameter CLKOUT5_DIVIDE bound to: 10 - type: integer 
	Parameter CLKOUT5_DUTY_CYCLE bound to: 0.500000 - type: double 
	Parameter CLKOUT5_PHASE bound to: 0.000000 - type: double 
	Parameter CLKOUT5_USE_FINE_PS bound to: FALSE - type: string 
	Parameter COMPENSATION bound to: ZHOLD - type: string 
	Parameter DIVCLK_DIVIDE bound to: 1 - type: integer 
	Parameter STARTUP_WAIT bound to: FALSE - type: string 
INFO: [Synth 8-6155] done synthesizing module 'MMCME2_ADV__parameterized0' (0#1) [/tools/Xilinx/2025.1/Vivado/scripts/rt/data/unisim_comp.v:89421]
INFO: [Synth 8-6155] done synthesizing module 'lab06_clk_wiz' (0#1) [/home/fpga/worker_place/temp/temp/20b5fb0942ca4bf394788858962ed3c2/hdl/lab06_clk_wiz.v:70]
INFO: [Synth 8-6157] synthesizing module 'pixel_reconstruct' [/home/fpga/worker_place/temp/temp/20b5fb0942ca4bf394788858962ed3c2/hdl/pixel_reconstruct.sv:4]
INFO: [Synth 8-6155] done synthesizing module 'pixel_reconstruct' (0#1) [/home/fpga/worker_place/temp/temp/20b5fb0942ca4bf394788858962ed3c2/hdl/pixel_reconstruct.sv:4]
INFO: [Synth 8-6157] synthesizing module 'xilinx_true_dual_port_read_first_2_clock_ram' [/home/fpga/worker_place/temp/temp/20b5fb0942ca4bf394788858962ed3c2/hdl/xilinx_true_dual_port_read_first_2_clock_ram.v:10]
	Parameter RAM_WIDTH bound to: 16 - type: integer 
	Parameter RAM_DEPTH bound to: 57600 - type: integer 
INFO: [Synth 8-6155] done synthesizing module 'xilinx_true_dual_port_read_first_2_clock_ram' (0#1) [/home/fpga/worker_place/temp/temp/20b5fb0942ca4bf394788858962ed3c2/hdl/xilinx_true_dual_port_read_first_2_clock_ram.v:10]
INFO: [Synth 8-6157] synthesizing module 'high_definition_frame_buffer' [/home/fpga/worker_place/temp/temp/20b5fb0942ca4bf394788858962ed3c2/hdl/high_definition_frame_buffer.sv:10]
INFO: [Synth 8-6157] synthesizing module 'stacker' [/home/fpga/worker_place/temp/temp/20b5fb0942ca4bf394788858962ed3c2/hdl/stacker.sv:12]
INFO: [Synth 8-6155] done synthesizing module 'stacker' (0#1) [/home/fpga/worker_place/temp/temp/20b5fb0942ca4bf394788858962ed3c2/hdl/stacker.sv:12]
INFO: [Synth 8-6157] synthesizing module 'clockdomain_fifo' [/home/fpga/worker_place/temp/temp/20b5fb0942ca4bf394788858962ed3c2/hdl/clockdomain_fifo.sv:11]
INFO: [Synth 8-6157] synthesizing module 'xpm_fifo_axis' [/tools/Xilinx/2025.1/Vivado/data/ip/xpm/xpm_fifo/hdl/xpm_fifo.sv:2373]
	Parameter CLOCKING_MODE bound to: independent_clock - type: string 
	Parameter FIFO_MEMORY_TYPE bound to: auto - type: string 
	Parameter PACKET_FIFO bound to: false - type: string 
	Parameter FIFO_DEPTH bound to: 128 - type: integer 
	Parameter TDATA_WIDTH bound to: 128 - type: integer 
	Parameter SIM_ASSERT_CHK bound to: 0 - type: integer 
	Parameter CASCADE_HEIGHT bound to: 0 - type: integer 
	Parameter ECC_MODE bound to: no_ecc - type: string 
	Parameter RELATED_CLOCKS bound to: 0 - type: integer 
	Parameter USE_ADV_FEATURES bound to: 0202 - type: string 
	Parameter PROG_FULL_THRESH bound to: 116 - type: integer 
	Parameter PROG_EMPTY_THRESH bound to: 10 - type: integer 
	Parameter CDC_SYNC_STAGES bound to: 3 - type: integer 
INFO: [Synth 8-6157] synthesizing module 'xpm_cdc_sync_rst' [/tools/Xilinx/2025.1/Vivado/data/ip/xpm/xpm_cdc/hdl/xpm_cdc.sv:1059]
INFO: [Synth 8-6155] done synthesizing module 'xpm_cdc_sync_rst' (0#1) [/tools/Xilinx/2025.1/Vivado/data/ip/xpm/xpm_cdc/hdl/xpm_cdc.sv:1059]
INFO: [Synth 8-6157] synthesizing module 'xpm_fifo_base' [/tools/Xilinx/2025.1/Vivado/data/ip/xpm/xpm_fifo/hdl/xpm_fifo.sv:53]
INFO: [Synth 8-6157] synthesizing module 'xpm_memory_base' [/tools/Xilinx/2025.1/Vivado/data/ip/xpm/xpm_memory/hdl/xpm_memory.sv:54]
INFO: [Synth 8-6059] Synth Info: [XPM_MEMORY 20-1] MEMORY_PRIMITIVE (0) instructs Vivado Synthesis to choose the memory primitive type. Depending on their values, other XPM_MEMORY parameters may preclude the choice of certain memory primitive types. Review XPM_MEMORY documentation and parameter values to understand any limitations, or set MEMORY_PRIMITIVE to a different value.   [/tools/Xilinx/2025.1/Vivado/data/ip/xpm/xpm_memory/hdl/xpm_memory.sv:522]
INFO: [Synth 8-6155] done synthesizing module 'xpm_memory_base' (0#1) [/tools/Xilinx/2025.1/Vivado/data/ip/xpm/xpm_memory/hdl/xpm_memory.sv:54]
INFO: [Synth 8-6157] synthesizing module 'xpm_cdc_gray' [/tools/Xilinx/2025.1/Vivado/data/ip/xpm/xpm_cdc/hdl/xpm_cdc.sv:283]
INFO: [Synth 8-6155] done synthesizing module 'xpm_cdc_gray' (0#1) [/tools/Xilinx/2025.1/Vivado/data/ip/xpm/xpm_cdc/hdl/xpm_cdc.sv:283]
INFO: [Synth 8-6157] synthesizing module 'xpm_fifo_reg_vec' [/tools/Xilinx/2025.1/Vivado/data/ip/xpm/xpm_fifo/hdl/xpm_fifo.sv:1905]
INFO: [Synth 8-6155] done synthesizing module 'xpm_fifo_reg_vec' (0#1) [/tools/Xilinx/2025.1/Vivado/data/ip/xpm/xpm_fifo/hdl/xpm_fifo.sv:1905]
INFO: [Synth 8-6157] synthesizing module 'xpm_cdc_gray__parameterized0' [/tools/Xilinx/2025.1/Vivado/data/ip/xpm/xpm_cdc/hdl/xpm_cdc.sv:283]
INFO: [Synth 8-6155] done synthesizing module 'xpm_cdc_gray__parameterized0' (0#1) [/tools/Xilinx/2025.1/Vivado/data/ip/xpm/xpm_cdc/hdl/xpm_cdc.sv:283]
INFO: [Synth 8-6157] synthesizing module 'xpm_fifo_reg_vec__parameterized0' [/tools/Xilinx/2025.1/Vivado/data/ip/xpm/xpm_fifo/hdl/xpm_fifo.sv:1905]
INFO: [Synth 8-6155] done synthesizing module 'xpm_fifo_reg_vec__parameterized0' (0#1) [/tools/Xilinx/2025.1/Vivado/data/ip/xpm/xpm_fifo/hdl/xpm_fifo.sv:1905]
INFO: [Synth 8-6157] synthesizing module 'xpm_cdc_gray__parameterized1' [/tools/Xilinx/2025.1/Vivado/data/ip/xpm/xpm_cdc/hdl/xpm_cdc.sv:283]
INFO: [Synth 8-6155] done synthesizing module 'xpm_cdc_gray__parameterized1' (0#1) [/tools/Xilinx/2025.1/Vivado/data/ip/xpm/xpm_cdc/hdl/xpm_cdc.sv:283]
INFO: [Synth 8-226] default block is never used [/tools/Xilinx/2025.1/Vivado/data/ip/xpm/xpm_fifo/hdl/xpm_fifo.sv:1220]
INFO: [Synth 8-226] default block is never used [/tools/Xilinx/2025.1/Vivado/data/ip/xpm/xpm_fifo/hdl/xpm_fifo.sv:1287]
INFO: [Synth 8-226] default block is never used [/tools/Xilinx/2025.1/Vivado/data/ip/xpm/xpm_fifo/hdl/xpm_fifo.sv:1309]
INFO: [Synth 8-6157] synthesizing module 'xpm_fifo_reg_bit' [/tools/Xilinx/2025.1/Vivado/data/ip/xpm/xpm_fifo/hdl/xpm_fifo.sv:1927]
INFO: [Synth 8-6155] done synthesizing module 'xpm_fifo_reg_bit' (0#1) [/tools/Xilinx/2025.1/Vivado/data/ip/xpm/xpm_fifo/hdl/xpm_fifo.sv:1927]
INFO: [Synth 8-6157] synthesizing module 'xpm_counter_updn' [/tools/Xilinx/2025.1/Vivado/data/ip/xpm/xpm_fifo/hdl/xpm_fifo.sv:1879]
INFO: [Synth 8-6155] done synthesizing module 'xpm_counter_updn' (0#1) [/tools/Xilinx/2025.1/Vivado/data/ip/xpm/xpm_fifo/hdl/xpm_fifo.sv:1879]
INFO: [Synth 8-6157] synthesizing module 'xpm_fifo_rst' [/tools/Xilinx/2025.1/Vivado/data/ip/xpm/xpm_fifo/hdl/xpm_fifo.sv:1639]
INFO: [Synth 8-6155] done synthesizing module 'xpm_fifo_rst' (0#1) [/tools/Xilinx/2025.1/Vivado/data/ip/xpm/xpm_fifo/hdl/xpm_fifo.sv:1639]
INFO: [Synth 8-6157] synthesizing module 'xpm_counter_updn__parameterized0' [/tools/Xilinx/2025.1/Vivado/data/ip/xpm/xpm_fifo/hdl/xpm_fifo.sv:1879]
INFO: [Synth 8-6155] done synthesizing module 'xpm_counter_updn__parameterized0' (0#1) [/tools/Xilinx/2025.1/Vivado/data/ip/xpm/xpm_fifo/hdl/xpm_fifo.sv:1879]
INFO: [Synth 8-6157] synthesizing module 'xpm_counter_updn__parameterized1' [/tools/Xilinx/2025.1/Vivado/data/ip/xpm/xpm_fifo/hdl/xpm_fifo.sv:1879]
INFO: [Synth 8-6155] done synthesizing module 'xpm_counter_updn__parameterized1' (0#1) [/tools/Xilinx/2025.1/Vivado/data/ip/xpm/xpm_fifo/hdl/xpm_fifo.sv:1879]
INFO: [Synth 8-6157] synthesizing module 'xpm_counter_updn__parameterized2' [/tools/Xilinx/2025.1/Vivado/data/ip/xpm/xpm_fifo/hdl/xpm_fifo.sv:1879]
INFO: [Synth 8-6155] done synthesizing module 'xpm_counter_updn__parameterized2' (0#1) [/tools/Xilinx/2025.1/Vivado/data/ip/xpm/xpm_fifo/hdl/xpm_fifo.sv:1879]
INFO: [Synth 8-6155] done synthesizing module 'xpm_fifo_base' (0#1) [/tools/Xilinx/2025.1/Vivado/data/ip/xpm/xpm_fifo/hdl/xpm_fifo.sv:53]
INFO: [Synth 8-6155] done synthesizing module 'xpm_fifo_axis' (0#1) [/tools/Xilinx/2025.1/Vivado/data/ip/xpm/xpm_fifo/hdl/xpm_fifo.sv:2373]
WARNING: [Synth 8-315] illegal expression in output port connection [/home/fpga/worker_place/temp/temp/20b5fb0942ca4bf394788858962ed3c2/hdl/clockdomain_fifo.sv:52]
WARNING: [Synth 8-315] illegal expression in output port connection [/home/fpga/worker_place/temp/temp/20b5fb0942ca4bf394788858962ed3c2/hdl/clockdomain_fifo.sv:53]
WARNING: [Synth 8-689] width (1) of port connection 'm_axis_tkeep' does not match port width (16) of module 'xpm_fifo_axis' [/home/fpga/worker_place/temp/temp/20b5fb0942ca4bf394788858962ed3c2/hdl/clockdomain_fifo.sv:54]
WARNING: [Synth 8-315] illegal expression in output port connection [/home/fpga/worker_place/temp/temp/20b5fb0942ca4bf394788858962ed3c2/hdl/clockdomain_fifo.sv:54]
WARNING: [Synth 8-315] illegal expression in output port connection [/home/fpga/worker_place/temp/temp/20b5fb0942ca4bf394788858962ed3c2/hdl/clockdomain_fifo.sv:57]
WARNING: [Synth 8-315] illegal expression in output port connection [/home/fpga/worker_place/temp/temp/20b5fb0942ca4bf394788858962ed3c2/hdl/clockdomain_fifo.sv:58]
WARNING: [Synth 8-7071] port 'wr_data_count_axis' of module 'xpm_fifo_axis' is unconnected for instance 'xpm_fifo_axis_inst' [/home/fpga/worker_place/temp/temp/20b5fb0942ca4bf394788858962ed3c2/hdl/clockdomain_fifo.sv:47]
WARNING: [Synth 8-7071] port 'almost_full_axis' of module 'xpm_fifo_axis' is unconnected for instance 'xpm_fifo_axis_inst' [/home/fpga/worker_place/temp/temp/20b5fb0942ca4bf394788858962ed3c2/hdl/clockdomain_fifo.sv:47]
WARNING: [Synth 8-7071] port 'rd_data_count_axis' of module 'xpm_fifo_axis' is unconnected for instance 'xpm_fifo_axis_inst' [/home/fpga/worker_place/temp/temp/20b5fb0942ca4bf394788858962ed3c2/hdl/clockdomain_fifo.sv:47]
WARNING: [Synth 8-7071] port 'almost_empty_axis' of module 'xpm_fifo_axis' is unconnected for instance 'xpm_fifo_axis_inst' [/home/fpga/worker_place/temp/temp/20b5fb0942ca4bf394788858962ed3c2/hdl/clockdomain_fifo.sv:47]
WARNING: [Synth 8-7071] port 'injectsbiterr_axis' of module 'xpm_fifo_axis' is unconnected for instance 'xpm_fifo_axis_inst' [/home/fpga/worker_place/temp/temp/20b5fb0942ca4bf394788858962ed3c2/hdl/clockdomain_fifo.sv:47]
WARNING: [Synth 8-7071] port 'injectdbiterr_axis' of module 'xpm_fifo_axis' is unconnected for instance 'xpm_fifo_axis_inst' [/home/fpga/worker_place/temp/temp/20b5fb0942ca4bf394788858962ed3c2/hdl/clockdomain_fifo.sv:47]
WARNING: [Synth 8-7071] port 'sbiterr_axis' of module 'xpm_fifo_axis' is unconnected for instance 'xpm_fifo_axis_inst' [/home/fpga/worker_place/temp/temp/20b5fb0942ca4bf394788858962ed3c2/hdl/clockdomain_fifo.sv:47]
WARNING: [Synth 8-7071] port 'dbiterr_axis' of module 'xpm_fifo_axis' is unconnected for instance 'xpm_fifo_axis_inst' [/home/fpga/worker_place/temp/temp/20b5fb0942ca4bf394788858962ed3c2/hdl/clockdomain_fifo.sv:47]
WARNING: [Synth 8-7023] instance 'xpm_fifo_axis_inst' of module 'xpm_fifo_axis' has 31 connections declared, but only 23 given [/home/fpga/worker_place/temp/temp/20b5fb0942ca4bf394788858962ed3c2/hdl/clockdomain_fifo.sv:47]
INFO: [Synth 8-6155] done synthesizing module 'clockdomain_fifo' (0#1) [/home/fpga/worker_place/temp/temp/20b5fb0942ca4bf394788858962ed3c2/hdl/clockdomain_fifo.sv:11]
WARNING: [Synth 8-7071] port 'sender_axis_prog_full' of module 'clockdomain_fifo' is unconnected for instance 'camera_data_fifo' [/home/fpga/worker_place/temp/temp/20b5fb0942ca4bf394788858962ed3c2/hdl/high_definition_frame_buffer.sv:83]
WARNING: [Synth 8-7023] instance 'camera_data_fifo' of module 'clockdomain_fifo' has 13 connections declared, but only 12 given [/home/fpga/worker_place/temp/temp/20b5fb0942ca4bf394788858962ed3c2/hdl/high_definition_frame_buffer.sv:83]
INFO: [Synth 8-6157] synthesizing module 'traffic_generator' [/home/fpga/worker_place/temp/temp/20b5fb0942ca4bf394788858962ed3c2/hdl/traffic_generator.sv:18]
INFO: [Synth 8-6157] synthesizing module 'evt_counter' [/home/fpga/worker_place/temp/temp/20b5fb0942ca4bf394788858962ed3c2/hdl/evt_counter.sv:2]
	Parameter MAX_COUNT bound to: 115200 - type: integer 
INFO: [Synth 8-6155] done synthesizing module 'evt_counter' (0#1) [/home/fpga/worker_place/temp/temp/20b5fb0942ca4bf394788858962ed3c2/hdl/evt_counter.sv:2]
WARNING: [Synth 8-689] width (24) of port connection 'count' does not match port width (32) of module 'evt_counter' [/home/fpga/worker_place/temp/temp/20b5fb0942ca4bf394788858962ed3c2/hdl/traffic_generator.sv:87]
WARNING: [Synth 8-689] width (24) of port connection 'count' does not match port width (32) of module 'evt_counter' [/home/fpga/worker_place/temp/temp/20b5fb0942ca4bf394788858962ed3c2/hdl/traffic_generator.sv:95]
INFO: [Synth 8-6157] synthesizing module 'command_fifo' [/home/fpga/worker_place/temp/temp/20b5fb0942ca4bf394788858962ed3c2/hdl/command_fifo.sv:4]
	Parameter DEPTH bound to: 64 - type: integer 
	Parameter WIDTH bound to: 25 - type: integer 
INFO: [Synth 8-6155] done synthesizing module 'command_fifo' (0#1) [/home/fpga/worker_place/temp/temp/20b5fb0942ca4bf394788858962ed3c2/hdl/command_fifo.sv:4]
INFO: [Synth 8-155] case statement is not full and has no default [/home/fpga/worker_place/temp/temp/20b5fb0942ca4bf394788858962ed3c2/hdl/traffic_generator.sv:163]
INFO: [Synth 8-6155] done synthesizing module 'traffic_generator' (0#1) [/home/fpga/worker_place/temp/temp/20b5fb0942ca4bf394788858962ed3c2/hdl/traffic_generator.sv:18]
INFO: [Synth 8-6157] synthesizing module 'ddr3_top' [/home/fpga/worker_place/temp/temp/20b5fb0942ca4bf394788858962ed3c2/hdl/ddr3_top.sv:33]
	Parameter CONTROLLER_CLK_PERIOD bound to: 12000 - type: integer 
	Parameter DDR3_CLK_PERIOD bound to: 3000 - type: integer 
	Parameter ROW_BITS bound to: 14 - type: integer 
	Parameter COL_BITS bound to: 10 - type: integer 
	Parameter BA_BITS bound to: 3 - type: integer 
	Parameter BYTE_LANES bound to: 2 - type: integer 
	Parameter AUX_WIDTH bound to: 16 - type: integer 
	Parameter WB2_ADDR_BITS bound to: 32 - type: integer 
	Parameter WB2_DATA_BITS bound to: 32 - type: integer 
	Parameter MICRON_SIM bound to: 1'b0 
	Parameter ODELAY_SUPPORTED bound to: 1'b0 
	Parameter SECOND_WISHBONE bound to: 1'b0 
	Parameter WB_ERROR bound to: 1'b0 
	Parameter ECC_ENABLE bound to: 2'b00 
INFO: [Synth 8-6157] synthesizing module 'ddr3_controller' [/home/fpga/worker_place/temp/temp/20b5fb0942ca4bf394788858962ed3c2/hdl/ddr3_controller.sv:63]
	Parameter CONTROLLER_CLK_PERIOD bound to: 12000 - type: integer 
	Parameter DDR3_CLK_PERIOD bound to: 3000 - type: integer 
	Parameter ROW_BITS bound to: 14 - type: integer 
	Parameter COL_BITS bound to: 10 - type: integer 
	Parameter BA_BITS bound to: 3 - type: integer 
	Parameter DQ_BITS bound to: 8 - type: integer 
	Parameter LANES bound to: 2 - type: integer 
	Parameter AUX_WIDTH bound to: 16 - type: integer 
	Parameter WB2_ADDR_BITS bound to: 32 - type: integer 
	Parameter WB2_DATA_BITS bound to: 32 - type: integer 
	Parameter DUAL_RANK_DIMM bound to: 0 - type: integer 
	Parameter SPEED_BIN bound to: 3 - type: integer 
	Parameter SDRAM_CAPACITY bound to: 5 - type: integer 
	Parameter TRCD bound to: 13750 - type: integer 
	Parameter TRP bound to: 13750 - type: integer 
	Parameter TRAS bound to: 35000 - type: integer 
	Parameter MICRON_SIM bound to: 1'b0 
	Parameter ODELAY_SUPPORTED bound to: 1'b0 
	Parameter SECOND_WISHBONE bound to: 1'b0 
	Parameter DLL_OFF bound to: 1'b0 
	Parameter WB_ERROR bound to: 1'b0 
	Parameter BIST_MODE bound to: 2'b01 
	Parameter ECC_ENABLE bound to: 2'b00 
	Parameter DIC bound to: 2'b00 
	Parameter RTT_NOM bound to: 3'b011 
INFO: [Synth 8-251] 
CONTROLLER PARAMETERS:
----------------------------- [/home/fpga/worker_place/temp/temp/20b5fb0942ca4bf394788858962ed3c2/hdl/ddr3_controller.sv:4072]
INFO: [Synth 8-251] CONTROLLER_CLK_PERIOD = 12000 [/home/fpga/worker_place/temp/temp/20b5fb0942ca4bf394788858962ed3c2/hdl/ddr3_controller.sv:4074]
INFO: [Synth 8-251] DDR3_CLK_PERIOD = 3000 [/home/fpga/worker_place/temp/temp/20b5fb0942ca4bf394788858962ed3c2/hdl/ddr3_controller.sv:4075]
INFO: [Synth 8-251] ROW_BITS = 14 [/home/fpga/worker_place/temp/temp/20b5fb0942ca4bf394788858962ed3c2/hdl/ddr3_controller.sv:4076]
INFO: [Synth 8-251] COL_BITS = 10 [/home/fpga/worker_place/temp/temp/20b5fb0942ca4bf394788858962ed3c2/hdl/ddr3_controller.sv:4077]
INFO: [Synth 8-251] BA_BITS = 3 [/home/fpga/worker_place/temp/temp/20b5fb0942ca4bf394788858962ed3c2/hdl/ddr3_controller.sv:4078]
INFO: [Synth 8-251] BYTE_LANES = 2 [/home/fpga/worker_place/temp/temp/20b5fb0942ca4bf394788858962ed3c2/hdl/ddr3_controller.sv:4079]
INFO: [Synth 8-251] AUX_WIDTH = 16 [/home/fpga/worker_place/temp/temp/20b5fb0942ca4bf394788858962ed3c2/hdl/ddr3_controller.sv:4080]
INFO: [Synth 8-251] MICRON_SIM = 0 [/home/fpga/worker_place/temp/temp/20b5fb0942ca4bf394788858962ed3c2/hdl/ddr3_controller.sv:4081]
INFO: [Synth 8-251] ODELAY_SUPPORTED = 0 [/home/fpga/worker_place/temp/temp/20b5fb0942ca4bf394788858962ed3c2/hdl/ddr3_controller.sv:4082]
INFO: [Synth 8-251] SECOND_WISHBONE = 0 [/home/fpga/worker_place/temp/temp/20b5fb0942ca4bf394788858962ed3c2/hdl/ddr3_controller.sv:4083]
INFO: [Synth 8-251] WB2_ADDR_BITS = 32 [/home/fpga/worker_place/temp/temp/20b5fb0942ca4bf394788858962ed3c2/hdl/ddr3_controller.sv:4084]
INFO: [Synth 8-251] WB2_DATA_BITS = 32 [/home/fpga/worker_place/temp/temp/20b5fb0942ca4bf394788858962ed3c2/hdl/ddr3_controller.sv:4085]
INFO: [Synth 8-251] ECC_ENABLE = 0 [/home/fpga/worker_place/temp/temp/20b5fb0942ca4bf394788858962ed3c2/hdl/ddr3_controller.sv:4086]
INFO: [Synth 8-251] ECC_INFORMATION_BITS = 11 [/home/fpga/worker_place/temp/temp/20b5fb0942ca4bf394788858962ed3c2/hdl/ddr3_controller.sv:4087]
INFO: [Synth 8-251] WB_ERROR = 0 [/home/fpga/worker_place/temp/temp/20b5fb0942ca4bf394788858962ed3c2/hdl/ddr3_controller.sv:4088]
INFO: [Synth 8-251] 
CONTROLLER LOCALPARAMS:
----------------------------- [/home/fpga/worker_place/temp/temp/20b5fb0942ca4bf394788858962ed3c2/hdl/ddr3_controller.sv:4090]
INFO: [Synth 8-251] wb_addr_bits = 24 [/home/fpga/worker_place/temp/temp/20b5fb0942ca4bf394788858962ed3c2/hdl/ddr3_controller.sv:4091]
INFO: [Synth 8-251] wb_data_bits = 128 [/home/fpga/worker_place/temp/temp/20b5fb0942ca4bf394788858962ed3c2/hdl/ddr3_controller.sv:4092]
INFO: [Synth 8-251] wb_sel_bits  = 16 [/home/fpga/worker_place/temp/temp/20b5fb0942ca4bf394788858962ed3c2/hdl/ddr3_controller.sv:4093]
INFO: [Synth 8-251] wb2_sel_bits = 4 [/home/fpga/worker_place/temp/temp/20b5fb0942ca4bf394788858962ed3c2/hdl/ddr3_controller.sv:4094]
INFO: [Synth 8-251] DQ_BITS = 8 [/home/fpga/worker_place/temp/temp/20b5fb0942ca4bf394788858962ed3c2/hdl/ddr3_controller.sv:4095]
INFO: [Synth 8-251] row_bank_col = 1 [/home/fpga/worker_place/temp/temp/20b5fb0942ca4bf394788858962ed3c2/hdl/ddr3_controller.sv:4096]
INFO: [Synth 8-251] 
COMMAND SLOTS:
----------------------------- [/home/fpga/worker_place/temp/temp/20b5fb0942ca4bf394788858962ed3c2/hdl/ddr3_controller.sv:4098]
INFO: [Synth 8-251] READ_SLOT = 3 [/home/fpga/worker_place/temp/temp/20b5fb0942ca4bf394788858962ed3c2/hdl/ddr3_controller.sv:4099]
INFO: [Synth 8-251] WRITE_SLOT = 3 [/home/fpga/worker_place/temp/temp/20b5fb0942ca4bf394788858962ed3c2/hdl/ddr3_controller.sv:4100]
INFO: [Synth 8-251] ACTIVATE_SLOT = 2 [/home/fpga/worker_place/temp/temp/20b5fb0942ca4bf394788858962ed3c2/hdl/ddr3_controller.sv:4101]
INFO: [Synth 8-251] PRECHARGE_SLOT = 0 [/home/fpga/worker_place/temp/temp/20b5fb0942ca4bf394788858962ed3c2/hdl/ddr3_controller.sv:4102]
INFO: [Synth 8-251] REMAINING_SLOT = 1 [/home/fpga/worker_place/temp/temp/20b5fb0942ca4bf394788858962ed3c2/hdl/ddr3_controller.sv:4103]
INFO: [Synth 8-251] 
DELAYS:
----------------------------- [/home/fpga/worker_place/temp/temp/20b5fb0942ca4bf394788858962ed3c2/hdl/ddr3_controller.sv:4105]
INFO: [Synth 8-251] CL = 5 [/home/fpga/worker_place/temp/temp/20b5fb0942ca4bf394788858962ed3c2/hdl/ddr3_controller.sv:4106]
INFO: [Synth 8-251] CWL = 5 [/home/fpga/worker_place/temp/temp/20b5fb0942ca4bf394788858962ed3c2/hdl/ddr3_controller.sv:4107]
INFO: [Synth 8-251] PRECHARGE_TO_ACTIVATE_DELAY = 0 [/home/fpga/worker_place/temp/temp/20b5fb0942ca4bf394788858962ed3c2/hdl/ddr3_controller.sv:4108]
INFO: [Synth 8-251] ACTIVATE_TO_WRITE_DELAY = 0 [/home/fpga/worker_place/temp/temp/20b5fb0942ca4bf394788858962ed3c2/hdl/ddr3_controller.sv:4109]
INFO: [Synth 8-251] ACTIVATE_TO_READ_DELAY =  0 [/home/fpga/worker_place/temp/temp/20b5fb0942ca4bf394788858962ed3c2/hdl/ddr3_controller.sv:4110]
INFO: [Synth 8-251] ACTIVATE_TO_PRECHARGE_DELAY =  3 [/home/fpga/worker_place/temp/temp/20b5fb0942ca4bf394788858962ed3c2/hdl/ddr3_controller.sv:4111]
INFO: [Synth 8-251] ACTIVATE_TO_ACTIVATE_DELAY =  0 [/home/fpga/worker_place/temp/temp/20b5fb0942ca4bf394788858962ed3c2/hdl/ddr3_controller.sv:4112]
INFO: [Synth 8-251] READ_TO_WRITE_DELAY = 1 [/home/fpga/worker_place/temp/temp/20b5fb0942ca4bf394788858962ed3c2/hdl/ddr3_controller.sv:4113]
INFO: [Synth 8-251] READ_TO_READ_DELAY = 0 [/home/fpga/worker_place/temp/temp/20b5fb0942ca4bf394788858962ed3c2/hdl/ddr3_controller.sv:4114]
INFO: [Synth 8-251] READ_TO_PRECHARGE_DELAY = 1 [/home/fpga/worker_place/temp/temp/20b5fb0942ca4bf394788858962ed3c2/hdl/ddr3_controller.sv:4115]
INFO: [Synth 8-251] WRITE_TO_WRITE_DELAY = 0 [/home/fpga/worker_place/temp/temp/20b5fb0942ca4bf394788858962ed3c2/hdl/ddr3_controller.sv:4116]
INFO: [Synth 8-251] WRITE_TO_READ_DELAY = 3 [/home/fpga/worker_place/temp/temp/20b5fb0942ca4bf394788858962ed3c2/hdl/ddr3_controller.sv:4117]
INFO: [Synth 8-251] WRITE_TO_PRECHARGE_DELAY = 4 [/home/fpga/worker_place/temp/temp/20b5fb0942ca4bf394788858962ed3c2/hdl/ddr3_controller.sv:4118]
INFO: [Synth 8-251] STAGE2_DATA_DEPTH = 2 [/home/fpga/worker_place/temp/temp/20b5fb0942ca4bf394788858962ed3c2/hdl/ddr3_controller.sv:4119]
INFO: [Synth 8-251] READ_ACK_PIPE_WIDTH = 6
 [/home/fpga/worker_place/temp/temp/20b5fb0942ca4bf394788858962ed3c2/hdl/ddr3_controller.sv:4120]
INFO: [Synth 8-251] 
DDR3 TOP PARAMETERS:
----------------------------- [/home/fpga/worker_place/temp/temp/20b5fb0942ca4bf394788858962ed3c2/hdl/ddr3_controller.sv:4122]
INFO: [Synth 8-251] CONTROLLER_CLK_PERIOD = 12000 [/home/fpga/worker_place/temp/temp/20b5fb0942ca4bf394788858962ed3c2/hdl/ddr3_controller.sv:4123]
INFO: [Synth 8-251] DDR3_CLK_PERIOD = 3000 [/home/fpga/worker_place/temp/temp/20b5fb0942ca4bf394788858962ed3c2/hdl/ddr3_controller.sv:4124]
INFO: [Synth 8-251] ROW_BITS = 14 [/home/fpga/worker_place/temp/temp/20b5fb0942ca4bf394788858962ed3c2/hdl/ddr3_controller.sv:4125]
INFO: [Synth 8-251] COL_BITS = 10 [/home/fpga/worker_place/temp/temp/20b5fb0942ca4bf394788858962ed3c2/hdl/ddr3_controller.sv:4126]
INFO: [Synth 8-251] BA_BITS = 3 [/home/fpga/worker_place/temp/temp/20b5fb0942ca4bf394788858962ed3c2/hdl/ddr3_controller.sv:4127]
INFO: [Synth 8-251] BYTE_LANES = 2 [/home/fpga/worker_place/temp/temp/20b5fb0942ca4bf394788858962ed3c2/hdl/ddr3_controller.sv:4128]
INFO: [Synth 8-251] AUX_WIDTH = 16 [/home/fpga/worker_place/temp/temp/20b5fb0942ca4bf394788858962ed3c2/hdl/ddr3_controller.sv:4129]
INFO: [Synth 8-251] WB2_ADDR_BITS = 32 [/home/fpga/worker_place/temp/temp/20b5fb0942ca4bf394788858962ed3c2/hdl/ddr3_controller.sv:4130]
INFO: [Synth 8-251] WB2_DATA_BITS = 32 [/home/fpga/worker_place/temp/temp/20b5fb0942ca4bf394788858962ed3c2/hdl/ddr3_controller.sv:4131]
INFO: [Synth 8-251] MICRON_SIM = 0 [/home/fpga/worker_place/temp/temp/20b5fb0942ca4bf394788858962ed3c2/hdl/ddr3_controller.sv:4132]
INFO: [Synth 8-251] ODELAY_SUPPORTED = 0 [/home/fpga/worker_place/temp/temp/20b5fb0942ca4bf394788858962ed3c2/hdl/ddr3_controller.sv:4133]
INFO: [Synth 8-251] SECOND_WISHBONE = 0 [/home/fpga/worker_place/temp/temp/20b5fb0942ca4bf394788858962ed3c2/hdl/ddr3_controller.sv:4134]
INFO: [Synth 8-251] WB_ERROR = 0 [/home/fpga/worker_place/temp/temp/20b5fb0942ca4bf394788858962ed3c2/hdl/ddr3_controller.sv:4135]
INFO: [Synth 8-251] BIST_MODE = 1 [/home/fpga/worker_place/temp/temp/20b5fb0942ca4bf394788858962ed3c2/hdl/ddr3_controller.sv:4136]
INFO: [Synth 8-251] ECC_ENABLE = 0 [/home/fpga/worker_place/temp/temp/20b5fb0942ca4bf394788858962ed3c2/hdl/ddr3_controller.sv:4137]
INFO: [Synth 8-251] DIC = 0 [/home/fpga/worker_place/temp/temp/20b5fb0942ca4bf394788858962ed3c2/hdl/ddr3_controller.sv:4138]
INFO: [Synth 8-251] RTT_NOM = 3 [/home/fpga/worker_place/temp/temp/20b5fb0942ca4bf394788858962ed3c2/hdl/ddr3_controller.sv:4139]
INFO: [Synth 8-251] DUAL_RANK_DIMM = 0 [/home/fpga/worker_place/temp/temp/20b5fb0942ca4bf394788858962ed3c2/hdl/ddr3_controller.sv:4140]
INFO: [Synth 8-251] End of DDR3 TOP PARAMETERS
----------------------------- [/home/fpga/worker_place/temp/temp/20b5fb0942ca4bf394788858962ed3c2/hdl/ddr3_controller.sv:4141]
INFO: [Synth 8-155] case statement is not full and has no default [/home/fpga/worker_place/temp/temp/20b5fb0942ca4bf394788858962ed3c2/hdl/ddr3_controller.sv:2345]
INFO: [Synth 8-6155] done synthesizing module 'ddr3_controller' (0#1) [/home/fpga/worker_place/temp/temp/20b5fb0942ca4bf394788858962ed3c2/hdl/ddr3_controller.sv:63]
INFO: [Synth 8-6157] synthesizing module 'ddr3_phy' [/home/fpga/worker_place/temp/temp/20b5fb0942ca4bf394788858962ed3c2/hdl/ddr3_phy.sv:35]
	Parameter CONTROLLER_CLK_PERIOD bound to: 12000 - type: integer 
	Parameter DDR3_CLK_PERIOD bound to: 3000 - type: integer 
	Parameter ROW_BITS bound to: 14 - type: integer 
	Parameter BA_BITS bound to: 3 - type: integer 
	Parameter DQ_BITS bound to: 8 - type: integer 
	Parameter LANES bound to: 2 - type: integer 
	Parameter DUAL_RANK_DIMM bound to: 0 - type: integer 
	Parameter ODELAY_SUPPORTED bound to: 1'b0 
INFO: [Synth 8-6157] synthesizing module 'OSERDESE2' [/tools/Xilinx/2025.1/Vivado/scripts/rt/data/unisim_comp.v:108512]
	Parameter DATA_RATE_OQ bound to: SDR - type: string 
	Parameter DATA_RATE_TQ bound to: SDR - type: string 
	Parameter DATA_WIDTH bound to: 4 - type: integer 
	Parameter INIT_OQ bound to: 1'b0 
	Parameter TRISTATE_WIDTH bound to: 1 - type: integer 
INFO: [Synth 8-6155] done synthesizing module 'OSERDESE2' (0#1) [/tools/Xilinx/2025.1/Vivado/scripts/rt/data/unisim_comp.v:108512]
INFO: [Synth 8-6157] synthesizing module 'OBUFDS' [/tools/Xilinx/2025.1/Vivado/scripts/rt/data/unisim_comp.v:104275]
INFO: [Synth 8-6155] done synthesizing module 'OBUFDS' (0#1) [/tools/Xilinx/2025.1/Vivado/scripts/rt/data/unisim_comp.v:104275]
INFO: [Synth 8-6157] synthesizing module 'OSERDESE2__parameterized0' [/tools/Xilinx/2025.1/Vivado/scripts/rt/data/unisim_comp.v:108512]
	Parameter DATA_RATE_OQ bound to: DDR - type: string 
	Parameter DATA_RATE_TQ bound to: BUF - type: string 
	Parameter DATA_WIDTH bound to: 8 - type: integer 
	Parameter INIT_OQ bound to: 1'b0 
	Parameter TRISTATE_WIDTH bound to: 1 - type: integer 
INFO: [Synth 8-6155] done synthesizing module 'OSERDESE2__parameterized0' (0#1) [/tools/Xilinx/2025.1/Vivado/scripts/rt/data/unisim_comp.v:108512]
INFO: [Synth 8-6157] synthesizing module 'IOBUF' [/tools/Xilinx/2025.1/Vivado/scripts/rt/data/unisim_comp.v:81434]
	Parameter IBUF_LOW_PWR bound to: FALSE - type: string 
	Parameter SLEW bound to: FAST - type: string 
INFO: [Synth 8-6155] done synthesizing module 'IOBUF' (0#1) [/tools/Xilinx/2025.1/Vivado/scripts/rt/data/unisim_comp.v:81434]
INFO: [Synth 8-6157] synthesizing module 'IDELAYE2' [/tools/Xilinx/2025.1/Vivado/scripts/rt/data/unisim_comp.v:78977]
	Parameter DELAY_SRC bound to: IDATAIN - type: string 
	Parameter HIGH_PERFORMANCE_MODE bound to: TRUE - type: string 
	Parameter IDELAY_TYPE bound to: VAR_LOAD - type: string 
	Parameter IDELAY_VALUE bound to: 0 - type: integer 
	Parameter PIPE_SEL bound to: FALSE - type: string 
	Parameter REFCLK_FREQUENCY bound to: 200.000000 - type: double 
	Parameter SIGNAL_PATTERN bound to: DATA - type: string 
INFO: [Synth 8-6155] done synthesizing module 'IDELAYE2' (0#1) [/tools/Xilinx/2025.1/Vivado/scripts/rt/data/unisim_comp.v:78977]
INFO: [Synth 8-6157] synthesizing module 'ISERDESE2' [/tools/Xilinx/2025.1/Vivado/scripts/rt/data/unisim_comp.v:83998]
	Parameter DATA_RATE bound to: DDR - type: string 
	Parameter DATA_WIDTH bound to: 8 - type: integer 
	Parameter INIT_Q1 bound to: 1'b0 
	Parameter INIT_Q2 bound to: 1'b0 
	Parameter INIT_Q3 bound to: 1'b0 
	Parameter INIT_Q4 bound to: 1'b0 
	Parameter INTERFACE_TYPE bound to: NETWORKING - type: string 
	Parameter IOBDELAY bound to: IFD - type: string 
	Parameter NUM_CE bound to: 1 - type: integer 
	Parameter OFB_USED bound to: FALSE - type: string 
	Parameter SRVAL_Q1 bound to: 1'b0 
	Parameter SRVAL_Q2 bound to: 1'b0 
	Parameter SRVAL_Q3 bound to: 1'b0 
	Parameter SRVAL_Q4 bound to: 1'b0 
INFO: [Synth 8-6155] done synthesizing module 'ISERDESE2' (0#1) [/tools/Xilinx/2025.1/Vivado/scripts/rt/data/unisim_comp.v:83998]
INFO: [Synth 8-6157] synthesizing module 'OBUF' [/tools/Xilinx/2025.1/Vivado/scripts/rt/data/unisim_comp.v:104261]
	Parameter SLEW bound to: FAST - type: string 
INFO: [Synth 8-6155] done synthesizing module 'OBUF' (0#1) [/tools/Xilinx/2025.1/Vivado/scripts/rt/data/unisim_comp.v:104261]
INFO: [Synth 8-6157] synthesizing module 'OSERDESE2__parameterized1' [/tools/Xilinx/2025.1/Vivado/scripts/rt/data/unisim_comp.v:108512]
	Parameter DATA_RATE_OQ bound to: DDR - type: string 
	Parameter DATA_RATE_TQ bound to: BUF - type: string 
	Parameter DATA_WIDTH bound to: 8 - type: integer 
	Parameter INIT_OQ bound to: 1'b1 
	Parameter TRISTATE_WIDTH bound to: 1 - type: integer 
INFO: [Synth 8-6155] done synthesizing module 'OSERDESE2__parameterized1' (0#1) [/tools/Xilinx/2025.1/Vivado/scripts/rt/data/unisim_comp.v:108512]
INFO: [Synth 8-6157] synthesizing module 'IOBUFDS' [/tools/Xilinx/2025.1/Vivado/scripts/rt/data/unisim_comp.v:81451]
	Parameter IBUF_LOW_PWR bound to: FALSE - type: string 
INFO: [Synth 8-6155] done synthesizing module 'IOBUFDS' (0#1) [/tools/Xilinx/2025.1/Vivado/scripts/rt/data/unisim_comp.v:81451]
INFO: [Synth 8-6157] synthesizing module 'IDELAYE2__parameterized0' [/tools/Xilinx/2025.1/Vivado/scripts/rt/data/unisim_comp.v:78977]
	Parameter DELAY_SRC bound to: IDATAIN - type: string 
	Parameter HIGH_PERFORMANCE_MODE bound to: TRUE - type: string 
	Parameter IDELAY_TYPE bound to: VAR_LOAD - type: string 
	Parameter IDELAY_VALUE bound to: 10 - type: integer 
	Parameter PIPE_SEL bound to: FALSE - type: string 
	Parameter REFCLK_FREQUENCY bound to: 200.000000 - type: double 
	Parameter SIGNAL_PATTERN bound to: CLOCK - type: string 
INFO: [Synth 8-6155] done synthesizing module 'IDELAYE2__parameterized0' (0#1) [/tools/Xilinx/2025.1/Vivado/scripts/rt/data/unisim_comp.v:78977]
INFO: [Synth 8-6157] synthesizing module 'IDELAYCTRL' [/tools/Xilinx/2025.1/Vivado/scripts/rt/data/unisim_comp.v:78964]
INFO: [Synth 8-6155] done synthesizing module 'IDELAYCTRL' (0#1) [/tools/Xilinx/2025.1/Vivado/scripts/rt/data/unisim_comp.v:78964]
INFO: [Synth 8-6155] done synthesizing module 'ddr3_phy' (0#1) [/home/fpga/worker_place/temp/temp/20b5fb0942ca4bf394788858962ed3c2/hdl/ddr3_phy.sv:35]
INFO: [Synth 8-6155] done synthesizing module 'ddr3_top' (0#1) [/home/fpga/worker_place/temp/temp/20b5fb0942ca4bf394788858962ed3c2/hdl/ddr3_top.sv:33]
WARNING: [Synth 8-689] width (1) of port connection 'i_aux' does not match port width (16) of module 'ddr3_top' [/home/fpga/worker_place/temp/temp/20b5fb0942ca4bf394788858962ed3c2/hdl/high_definition_frame_buffer.sv:176]
WARNING: [Synth 8-7071] port 'i_wb2_cyc' of module 'ddr3_top' is unconnected for instance 'ddr3_top' [/home/fpga/worker_place/temp/temp/20b5fb0942ca4bf394788858962ed3c2/hdl/high_definition_frame_buffer.sv:160]
WARNING: [Synth 8-7071] port 'i_wb2_stb' of module 'ddr3_top' is unconnected for instance 'ddr3_top' [/home/fpga/worker_place/temp/temp/20b5fb0942ca4bf394788858962ed3c2/hdl/high_definition_frame_buffer.sv:160]
WARNING: [Synth 8-7071] port 'i_wb2_we' of module 'ddr3_top' is unconnected for instance 'ddr3_top' [/home/fpga/worker_place/temp/temp/20b5fb0942ca4bf394788858962ed3c2/hdl/high_definition_frame_buffer.sv:160]
WARNING: [Synth 8-7071] port 'i_wb2_addr' of module 'ddr3_top' is unconnected for instance 'ddr3_top' [/home/fpga/worker_place/temp/temp/20b5fb0942ca4bf394788858962ed3c2/hdl/high_definition_frame_buffer.sv:160]
WARNING: [Synth 8-7071] port 'i_wb2_data' of module 'ddr3_top' is unconnected for instance 'ddr3_top' [/home/fpga/worker_place/temp/temp/20b5fb0942ca4bf394788858962ed3c2/hdl/high_definition_frame_buffer.sv:160]
WARNING: [Synth 8-7071] port 'i_wb2_sel' of module 'ddr3_top' is unconnected for instance 'ddr3_top' [/home/fpga/worker_place/temp/temp/20b5fb0942ca4bf394788858962ed3c2/hdl/high_definition_frame_buffer.sv:160]
WARNING: [Synth 8-7071] port 'o_wb2_stall' of module 'ddr3_top' is unconnected for instance 'ddr3_top' [/home/fpga/worker_place/temp/temp/20b5fb0942ca4bf394788858962ed3c2/hdl/high_definition_frame_buffer.sv:160]
WARNING: [Synth 8-7071] port 'o_wb2_ack' of module 'ddr3_top' is unconnected for instance 'ddr3_top' [/home/fpga/worker_place/temp/temp/20b5fb0942ca4bf394788858962ed3c2/hdl/high_definition_frame_buffer.sv:160]
WARNING: [Synth 8-7071] port 'o_wb2_data' of module 'ddr3_top' is unconnected for instance 'ddr3_top' [/home/fpga/worker_place/temp/temp/20b5fb0942ca4bf394788858962ed3c2/hdl/high_definition_frame_buffer.sv:160]
WARNING: [Synth 8-7071] port 'o_calib_complete' of module 'ddr3_top' is unconnected for instance 'ddr3_top' [/home/fpga/worker_place/temp/temp/20b5fb0942ca4bf394788858962ed3c2/hdl/high_definition_frame_buffer.sv:160]
WARNING: [Synth 8-7071] port 'i_user_self_refresh' of module 'ddr3_top' is unconnected for instance 'ddr3_top' [/home/fpga/worker_place/temp/temp/20b5fb0942ca4bf394788858962ed3c2/hdl/high_definition_frame_buffer.sv:160]
WARNING: [Synth 8-7071] port 'uart_tx' of module 'ddr3_top' is unconnected for instance 'ddr3_top' [/home/fpga/worker_place/temp/temp/20b5fb0942ca4bf394788858962ed3c2/hdl/high_definition_frame_buffer.sv:160]
WARNING: [Synth 8-7023] instance 'ddr3_top' of module 'ddr3_top' has 45 connections declared, but only 33 given [/home/fpga/worker_place/temp/temp/20b5fb0942ca4bf394788858962ed3c2/hdl/high_definition_frame_buffer.sv:160]
INFO: [Synth 8-6157] synthesizing module 'unstacker' [/home/fpga/worker_place/temp/temp/20b5fb0942ca4bf394788858962ed3c2/hdl/unstacker.sv:4]
INFO: [Synth 8-6155] done synthesizing module 'unstacker' (0#1) [/home/fpga/worker_place/temp/temp/20b5fb0942ca4bf394788858962ed3c2/hdl/unstacker.sv:4]
INFO: [Synth 8-6155] done synthesizing module 'high_definition_frame_buffer' (0#1) [/home/fpga/worker_place/temp/temp/20b5fb0942ca4bf394788858962ed3c2/hdl/high_definition_frame_buffer.sv:10]
INFO: [Synth 8-6157] synthesizing module 'rgb_to_ycrcb' [/home/fpga/worker_place/temp/temp/20b5fb0942ca4bf394788858962ed3c2/hdl/rgb_to_ycrcb.sv:59]
INFO: [Synth 8-6155] done synthesizing module 'rgb_to_ycrcb' (0#1) [/home/fpga/worker_place/temp/temp/20b5fb0942ca4bf394788858962ed3c2/hdl/rgb_to_ycrcb.sv:59]
WARNING: [Synth 8-689] width (8) of port connection 'r' does not match port width (10) of module 'rgb_to_ycrcb' [/home/fpga/worker_place/temp/temp/20b5fb0942ca4bf394788858962ed3c2/hdl/top_level.sv:342]
WARNING: [Synth 8-689] width (8) of port connection 'g' does not match port width (10) of module 'rgb_to_ycrcb' [/home/fpga/worker_place/temp/temp/20b5fb0942ca4bf394788858962ed3c2/hdl/top_level.sv:343]
WARNING: [Synth 8-689] width (8) of port connection 'b' does not match port width (10) of module 'rgb_to_ycrcb' [/home/fpga/worker_place/temp/temp/20b5fb0942ca4bf394788858962ed3c2/hdl/top_level.sv:344]
INFO: [Synth 8-6157] synthesizing module 'channel_select' [/home/fpga/worker_place/temp/temp/20b5fb0942ca4bf394788858962ed3c2/hdl/channel_select.sv:6]
INFO: [Synth 8-226] default block is never used [/home/fpga/worker_place/temp/temp/20b5fb0942ca4bf394788858962ed3c2/hdl/channel_select.sv:13]
INFO: [Synth 8-6155] done synthesizing module 'channel_select' (0#1) [/home/fpga/worker_place/temp/temp/20b5fb0942ca4bf394788858962ed3c2/hdl/channel_select.sv:6]
INFO: [Synth 8-6157] synthesizing module 'threshold' [/home/fpga/worker_place/temp/temp/20b5fb0942ca4bf394788858962ed3c2/hdl/threshold.sv:7]
INFO: [Synth 8-6155] done synthesizing module 'threshold' (0#1) [/home/fpga/worker_place/temp/temp/20b5fb0942ca4bf394788858962ed3c2/hdl/threshold.sv:7]
INFO: [Synth 8-6157] synthesizing module 'lab05_ssc' [/home/fpga/worker_place/temp/temp/20b5fb0942ca4bf394788858962ed3c2/hdl/lab05_ssc.sv:4]
INFO: [Synth 8-6157] synthesizing module 'bto7s' [/home/fpga/worker_place/temp/temp/20b5fb0942ca4bf394788858962ed3c2/hdl/lab05_ssc.sv:96]
INFO: [Synth 8-6155] done synthesizing module 'bto7s' (0#1) [/home/fpga/worker_place/temp/temp/20b5fb0942ca4bf394788858962ed3c2/hdl/lab05_ssc.sv:96]
INFO: [Synth 8-6155] done synthesizing module 'lab05_ssc' (0#1) [/home/fpga/worker_place/temp/temp/20b5fb0942ca4bf394788858962ed3c2/hdl/lab05_ssc.sv:4]
INFO: [Synth 8-6157] synthesizing module 'word_sprite' [/home/fpga/worker_place/temp/temp/20b5fb0942ca4bf394788858962ed3c2/hdl/word_sprite.sv:10]
INFO: [Synth 8-6157] synthesizing module 'number_sprite' [/home/fpga/worker_place/temp/temp/20b5fb0942ca4bf394788858962ed3c2/hdl/number_sprite.sv:10]
INFO: [Synth 8-6157] synthesizing module 'numbers' [/home/fpga/worker_place/temp/temp/20b5fb0942ca4bf394788858962ed3c2/hdl/numbers.sv:1]
INFO: [Synth 8-6155] done synthesizing module 'numbers' (0#1) [/home/fpga/worker_place/temp/temp/20b5fb0942ca4bf394788858962ed3c2/hdl/numbers.sv:1]
INFO: [Synth 8-6155] done synthesizing module 'number_sprite' (0#1) [/home/fpga/worker_place/temp/temp/20b5fb0942ca4bf394788858962ed3c2/hdl/number_sprite.sv:10]
WARNING: [Synth 8-689] width (32) of port connection 'x' does not match port width (11) of module 'number_sprite' [/home/fpga/worker_place/temp/temp/20b5fb0942ca4bf394788858962ed3c2/hdl/word_sprite.sv:84]
WARNING: [Synth 8-689] width (32) of port connection 'y' does not match port width (10) of module 'number_sprite' [/home/fpga/worker_place/temp/temp/20b5fb0942ca4bf394788858962ed3c2/hdl/word_sprite.sv:86]
WARNING: [Synth 8-689] width (4) of port connection 'number_ind' does not match port width (8) of module 'number_sprite' [/home/fpga/worker_place/temp/temp/20b5fb0942ca4bf394788858962ed3c2/hdl/word_sprite.sv:88]
WARNING: [Synth 8-689] width (32) of port connection 'x' does not match port width (11) of module 'number_sprite' [/home/fpga/worker_place/temp/temp/20b5fb0942ca4bf394788858962ed3c2/hdl/word_sprite.sv:84]
WARNING: [Synth 8-689] width (32) of port connection 'y' does not match port width (10) of module 'number_sprite' [/home/fpga/worker_place/temp/temp/20b5fb0942ca4bf394788858962ed3c2/hdl/word_sprite.sv:86]
WARNING: [Synth 8-689] width (4) of port connection 'number_ind' does not match port width (8) of module 'number_sprite' [/home/fpga/worker_place/temp/temp/20b5fb0942ca4bf394788858962ed3c2/hdl/word_sprite.sv:88]
WARNING: [Synth 8-689] width (32) of port connection 'x' does not match port width (11) of module 'number_sprite' [/home/fpga/worker_place/temp/temp/20b5fb0942ca4bf394788858962ed3c2/hdl/word_sprite.sv:84]
WARNING: [Synth 8-689] width (32) of port connection 'y' does not match port width (10) of module 'number_sprite' [/home/fpga/worker_place/temp/temp/20b5fb0942ca4bf394788858962ed3c2/hdl/word_sprite.sv:86]
WARNING: [Synth 8-689] width (4) of port connection 'number_ind' does not match port width (8) of module 'number_sprite' [/home/fpga/worker_place/temp/temp/20b5fb0942ca4bf394788858962ed3c2/hdl/word_sprite.sv:88]
WARNING: [Synth 8-689] width (32) of port connection 'x' does not match port width (11) of module 'number_sprite' [/home/fpga/worker_place/temp/temp/20b5fb0942ca4bf394788858962ed3c2/hdl/word_sprite.sv:158]
WARNING: [Synth 8-689] width (32) of port connection 'y' does not match port width (10) of module 'number_sprite' [/home/fpga/worker_place/temp/temp/20b5fb0942ca4bf394788858962ed3c2/hdl/word_sprite.sv:160]
WARNING: [Synth 8-689] width (4) of port connection 'number_ind' does not match port width (8) of module 'number_sprite' [/home/fpga/worker_place/temp/temp/20b5fb0942ca4bf394788858962ed3c2/hdl/word_sprite.sv:162]
WARNING: [Synth 8-689] width (32) of port connection 'x' does not match port width (11) of module 'number_sprite' [/home/fpga/worker_place/temp/temp/20b5fb0942ca4bf394788858962ed3c2/hdl/word_sprite.sv:158]
WARNING: [Synth 8-689] width (32) of port connection 'y' does not match port width (10) of module 'number_sprite' [/home/fpga/worker_place/temp/temp/20b5fb0942ca4bf394788858962ed3c2/hdl/word_sprite.sv:160]
WARNING: [Synth 8-689] width (4) of port connection 'number_ind' does not match port width (8) of module 'number_sprite' [/home/fpga/worker_place/temp/temp/20b5fb0942ca4bf394788858962ed3c2/hdl/word_sprite.sv:162]
WARNING: [Synth 8-689] width (32) of port connection 'x' does not match port width (11) of module 'number_sprite' [/home/fpga/worker_place/temp/temp/20b5fb0942ca4bf394788858962ed3c2/hdl/word_sprite.sv:158]
WARNING: [Synth 8-689] width (32) of port connection 'y' does not match port width (10) of module 'number_sprite' [/home/fpga/worker_place/temp/temp/20b5fb0942ca4bf394788858962ed3c2/hdl/word_sprite.sv:160]
WARNING: [Synth 8-689] width (4) of port connection 'number_ind' does not match port width (8) of module 'number_sprite' [/home/fpga/worker_place/temp/temp/20b5fb0942ca4bf394788858962ed3c2/hdl/word_sprite.sv:162]
INFO: [Synth 8-6157] synthesizing module 'letter_sprite' [/home/fpga/worker_place/temp/temp/20b5fb0942ca4bf394788858962ed3c2/hdl/letter_sprite.sv:10]
	Parameter WIDTH bound to: 20 - type: integer 
	Parameter HEIGHT bound to: 32 - type: integer 
INFO: [Synth 8-6157] synthesizing module 'letters' [/home/fpga/worker_place/temp/temp/20b5fb0942ca4bf394788858962ed3c2/hdl/letters.sv:1]
INFO: [Synth 8-6155] done synthesizing module 'letters' (0#1) [/home/fpga/worker_place/temp/temp/20b5fb0942ca4bf394788858962ed3c2/hdl/letters.sv:1]
INFO: [Synth 8-6155] done synthesizing module 'letter_sprite' (0#1) [/home/fpga/worker_place/temp/temp/20b5fb0942ca4bf394788858962ed3c2/hdl/letter_sprite.sv:10]
WARNING: [Synth 8-689] width (32) of port connection 'x' does not match port width (11) of module 'letter_sprite' [/home/fpga/worker_place/temp/temp/20b5fb0942ca4bf394788858962ed3c2/hdl/word_sprite.sv:58]
WARNING: [Synth 8-689] width (32) of port connection 'y' does not match port width (10) of module 'letter_sprite' [/home/fpga/worker_place/temp/temp/20b5fb0942ca4bf394788858962ed3c2/hdl/word_sprite.sv:59]
INFO: [Synth 8-6157] synthesizing module 'digits' [/home/fpga/worker_place/temp/temp/20b5fb0942ca4bf394788858962ed3c2/hdl/digits.sv:4]
INFO: [Synth 8-155] case statement is not full and has no default [/home/fpga/worker_place/temp/temp/20b5fb0942ca4bf394788858962ed3c2/hdl/digits.sv:24]
INFO: [Synth 8-6155] done synthesizing module 'digits' (0#1) [/home/fpga/worker_place/temp/temp/20b5fb0942ca4bf394788858962ed3c2/hdl/digits.sv:4]
WARNING: [Synth 8-689] width (32) of port connection 'x' does not match port width (11) of module 'letter_sprite' [/home/fpga/worker_place/temp/temp/20b5fb0942ca4bf394788858962ed3c2/hdl/word_sprite.sv:132]
WARNING: [Synth 8-689] width (32) of port connection 'y' does not match port width (10) of module 'letter_sprite' [/home/fpga/worker_place/temp/temp/20b5fb0942ca4bf394788858962ed3c2/hdl/word_sprite.sv:133]
INFO: [Synth 8-6155] done synthesizing module 'word_sprite' (0#1) [/home/fpga/worker_place/temp/temp/20b5fb0942ca4bf394788858962ed3c2/hdl/word_sprite.sv:10]
INFO: [Synth 8-6157] synthesizing module 'video_sig_gen' [/home/fpga/worker_place/temp/temp/20b5fb0942ca4bf394788858962ed3c2/hdl/video_sig_gen.sv:1]
INFO: [Synth 8-6155] done synthesizing module 'video_sig_gen' (0#1) [/home/fpga/worker_place/temp/temp/20b5fb0942ca4bf394788858962ed3c2/hdl/video_sig_gen.sv:1]
WARNING: [Synth 8-689] width (11) of port connection 'h_count' does not match port width (21) of module 'video_sig_gen' [/home/fpga/worker_place/temp/temp/20b5fb0942ca4bf394788858962ed3c2/hdl/top_level.sv:463]
INFO: [Synth 8-6157] synthesizing module 'video_mux' [/home/fpga/worker_place/temp/temp/20b5fb0942ca4bf394788858962ed3c2/hdl/video_mux.sv:4]
INFO: [Synth 8-6155] done synthesizing module 'video_mux' (0#1) [/home/fpga/worker_place/temp/temp/20b5fb0942ca4bf394788858962ed3c2/hdl/video_mux.sv:4]
INFO: [Synth 8-6157] synthesizing module 'tmds_encoder' [/home/fpga/worker_place/temp/temp/20b5fb0942ca4bf394788858962ed3c2/hdl/tmds_encoder.sv:4]
INFO: [Synth 8-6157] synthesizing module 'tm_choice' [/home/fpga/worker_place/temp/temp/20b5fb0942ca4bf394788858962ed3c2/hdl/tm_choice.sv:3]
INFO: [Synth 8-6155] done synthesizing module 'tm_choice' (0#1) [/home/fpga/worker_place/temp/temp/20b5fb0942ca4bf394788858962ed3c2/hdl/tm_choice.sv:3]
INFO: [Synth 8-6155] done synthesizing module 'tmds_encoder' (0#1) [/home/fpga/worker_place/temp/temp/20b5fb0942ca4bf394788858962ed3c2/hdl/tmds_encoder.sv:4]
INFO: [Synth 8-6157] synthesizing module 'tmds_serializer' [/home/fpga/worker_place/temp/temp/20b5fb0942ca4bf394788858962ed3c2/hdl/tmds_serializer.sv:4]
INFO: [Synth 8-6157] synthesizing module 'OSERDESE2__parameterized2' [/tools/Xilinx/2025.1/Vivado/scripts/rt/data/unisim_comp.v:108512]
	Parameter DATA_RATE_OQ bound to: DDR - type: string 
	Parameter DATA_RATE_TQ bound to: SDR - type: string 
	Parameter DATA_WIDTH bound to: 10 - type: integer 
	Parameter SERDES_MODE bound to: MASTER - type: string 
	Parameter TBYTE_CTL bound to: FALSE - type: string 
	Parameter TBYTE_SRC bound to: FALSE - type: string 
	Parameter TRISTATE_WIDTH bound to: 1 - type: integer 
INFO: [Synth 8-6155] done synthesizing module 'OSERDESE2__parameterized2' (0#1) [/tools/Xilinx/2025.1/Vivado/scripts/rt/data/unisim_comp.v:108512]
INFO: [Synth 8-6157] synthesizing module 'OSERDESE2__parameterized3' [/tools/Xilinx/2025.1/Vivado/scripts/rt/data/unisim_comp.v:108512]
	Parameter DATA_RATE_OQ bound to: DDR - type: string 
	Parameter DATA_RATE_TQ bound to: SDR - type: string 
	Parameter DATA_WIDTH bound to: 10 - type: integer 
	Parameter SERDES_MODE bound to: SLAVE - type: string 
	Parameter TBYTE_CTL bound to: FALSE - type: string 
	Parameter TBYTE_SRC bound to: FALSE - type: string 
	Parameter TRISTATE_WIDTH bound to: 1 - type: integer 
INFO: [Synth 8-6155] done synthesizing module 'OSERDESE2__parameterized3' (0#1) [/tools/Xilinx/2025.1/Vivado/scripts/rt/data/unisim_comp.v:108512]
INFO: [Synth 8-6155] done synthesizing module 'tmds_serializer' (0#1) [/home/fpga/worker_place/temp/temp/20b5fb0942ca4bf394788858962ed3c2/hdl/tmds_serializer.sv:4]
INFO: [Synth 8-6157] synthesizing module 'xilinx_single_port_ram_read_first' [/home/fpga/worker_place/temp/temp/20b5fb0942ca4bf394788858962ed3c2/hdl/xilinx_single_port_ram_read_first.v:10]
	Parameter RAM_WIDTH bound to: 24 - type: integer 
	Parameter RAM_DEPTH bound to: 256 - type: integer 
	Parameter RAM_PERFORMANCE bound to: HIGH_PERFORMANCE - type: string 
	Parameter INIT_FILE bound to: rom.mem - type: string 
INFO: [Synth 8-3876] $readmem data file 'rom.mem' is read successfully [/home/fpga/worker_place/temp/temp/20b5fb0942ca4bf394788858962ed3c2/hdl/xilinx_single_port_ram_read_first.v:33]
INFO: [Synth 8-6155] done synthesizing module 'xilinx_single_port_ram_read_first' (0#1) [/home/fpga/worker_place/temp/temp/20b5fb0942ca4bf394788858962ed3c2/hdl/xilinx_single_port_ram_read_first.v:10]
INFO: [Synth 8-6157] synthesizing module 'IOBUF__parameterized0' [/tools/Xilinx/2025.1/Vivado/scripts/rt/data/unisim_comp.v:81434]
INFO: [Synth 8-6155] done synthesizing module 'IOBUF__parameterized0' (0#1) [/tools/Xilinx/2025.1/Vivado/scripts/rt/data/unisim_comp.v:81434]
INFO: [Synth 8-6157] synthesizing module 'camera_registers' [/home/fpga/worker_place/temp/temp/20b5fb0942ca4bf394788858962ed3c2/hdl/camera_registers.sv:4]
INFO: [Synth 8-6157] synthesizing module 'addr_increment' [/home/fpga/worker_place/temp/temp/20b5fb0942ca4bf394788858962ed3c2/hdl/camera_registers.sv:233]
	Parameter ROLLOVER bound to: 256 - type: integer 
INFO: [Synth 8-6155] done synthesizing module 'addr_increment' (0#1) [/home/fpga/worker_place/temp/temp/20b5fb0942ca4bf394788858962ed3c2/hdl/camera_registers.sv:233]
INFO: [Synth 8-155] case statement is not full and has no default [/home/fpga/worker_place/temp/temp/20b5fb0942ca4bf394788858962ed3c2/hdl/camera_registers.sv:78]
INFO: [Synth 8-6157] synthesizing module 'i2c_master' [/home/fpga/worker_place/temp/temp/20b5fb0942ca4bf394788858962ed3c2/hdl/i2c_master.v:32]
INFO: [Synth 8-155] case statement is not full and has no default [/home/fpga/worker_place/temp/temp/20b5fb0942ca4bf394788858962ed3c2/hdl/i2c_master.v:329]
INFO: [Synth 8-155] case statement is not full and has no default [/home/fpga/worker_place/temp/temp/20b5fb0942ca4bf394788858962ed3c2/hdl/i2c_master.v:634]
INFO: [Synth 8-6155] done synthesizing module 'i2c_master' (0#1) [/home/fpga/worker_place/temp/temp/20b5fb0942ca4bf394788858962ed3c2/hdl/i2c_master.v:32]
WARNING: [Synth 8-7071] port 'm_axis_data_tdata' of module 'i2c_master' is unconnected for instance 'sccb_c' [/home/fpga/worker_place/temp/temp/20b5fb0942ca4bf394788858962ed3c2/hdl/camera_registers.sv:197]
WARNING: [Synth 8-7071] port 'm_axis_data_tvalid' of module 'i2c_master' is unconnected for instance 'sccb_c' [/home/fpga/worker_place/temp/temp/20b5fb0942ca4bf394788858962ed3c2/hdl/camera_registers.sv:197]
WARNING: [Synth 8-7071] port 'm_axis_data_tlast' of module 'i2c_master' is unconnected for instance 'sccb_c' [/home/fpga/worker_place/temp/temp/20b5fb0942ca4bf394788858962ed3c2/hdl/camera_registers.sv:197]
WARNING: [Synth 8-7071] port 'stop_on_idle' of module 'i2c_master' is unconnected for instance 'sccb_c' [/home/fpga/worker_place/temp/temp/20b5fb0942ca4bf394788858962ed3c2/hdl/camera_registers.sv:197]
WARNING: [Synth 8-7023] instance 'sccb_c' of module 'i2c_master' has 30 connections declared, but only 26 given [/home/fpga/worker_place/temp/temp/20b5fb0942ca4bf394788858962ed3c2/hdl/camera_registers.sv:197]
INFO: [Synth 8-6155] done synthesizing module 'camera_registers' (0#1) [/home/fpga/worker_place/temp/temp/20b5fb0942ca4bf394788858962ed3c2/hdl/camera_registers.sv:4]
INFO: [Synth 8-6155] done synthesizing module 'top_level' (0#1) [/home/fpga/worker_place/temp/temp/20b5fb0942ca4bf394788858962ed3c2/hdl/top_level.sv:4]
WARNING: [Synth 8-6014] Unused sequential element gen_rd_b.gen_doutb_pipe.enb_pipe_reg[0] was removed.  [/tools/Xilinx/2025.1/Vivado/data/ip/xpm/xpm_memory/hdl/xpm_memory.sv:3085]
WARNING: [Synth 8-6014] Unused sequential element dest_out_bin_ff_reg was removed.  [/tools/Xilinx/2025.1/Vivado/data/ip/xpm/xpm_cdc/hdl/xpm_cdc.sv:417]
WARNING: [Synth 8-6014] Unused sequential element dest_out_bin_ff_reg was removed.  [/tools/Xilinx/2025.1/Vivado/data/ip/xpm/xpm_cdc/hdl/xpm_cdc.sv:417]
WARNING: [Synth 8-6014] Unused sequential element dest_out_bin_ff_reg was removed.  [/tools/Xilinx/2025.1/Vivado/data/ip/xpm/xpm_cdc/hdl/xpm_cdc.sv:417]
WARNING: [Synth 8-6014] Unused sequential element gdvld.data_valid_std_reg was removed.  [/tools/Xilinx/2025.1/Vivado/data/ip/xpm/xpm_fifo/hdl/xpm_fifo.sv:550]
WARNING: [Synth 8-6014] Unused sequential element gen_fwft.empty_fwft_fb_reg was removed.  [/tools/Xilinx/2025.1/Vivado/data/ip/xpm/xpm_fifo/hdl/xpm_fifo.sv:1404]
INFO: [Synth 8-6071] Mark debug on the nets applies keep_hierarchy on instance 'ddr3_controller_inst'. This will prevent further optimization [/home/fpga/worker_place/temp/temp/20b5fb0942ca4bf394788858962ed3c2/hdl/ddr3_top.sv:274]
WARNING: [Synth 8-6014] Unused sequential element sync_rst_wb2_reg was removed.  [/home/fpga/worker_place/temp/temp/20b5fb0942ca4bf394788858962ed3c2/hdl/ddr3_controller.sv:835]
WARNING: [Synth 8-6014] Unused sequential element prev_cmd_ck_en_reg was removed.  [/home/fpga/worker_place/temp/temp/20b5fb0942ca4bf394788858962ed3c2/hdl/ddr3_controller.sv:1963]
WARNING: [Synth 8-6014] Unused sequential element initial_calibration_done_reg was removed.  [/home/fpga/worker_place/temp/temp/20b5fb0942ca4bf394788858962ed3c2/hdl/ddr3_controller.sv:2267]
WARNING: [Synth 8-6014] Unused sequential element wrong_data_reg was removed.  [/home/fpga/worker_place/temp/temp/20b5fb0942ca4bf394788858962ed3c2/hdl/ddr3_controller.sv:3465]
WARNING: [Synth 8-6014] Unused sequential element expected_data_reg was removed.  [/home/fpga/worker_place/temp/temp/20b5fb0942ca4bf394788858962ed3c2/hdl/ddr3_controller.sv:3466]
WARNING: [Synth 8-6014] Unused sequential element reset_after_rank_1_reg was removed.  [/home/fpga/worker_place/temp/temp/20b5fb0942ca4bf394788858962ed3c2/hdl/ddr3_controller.sv:2269]
WARNING: [Synth 8-6014] Unused sequential element refresh_counter_reg was removed.  [/home/fpga/worker_place/temp/temp/20b5fb0942ca4bf394788858962ed3c2/hdl/ddr3_top.sv:229]
WARNING: [Synth 8-3936] Found unconnected internal register 'cb1_reg' and it is trimmed from '22' to '20' bits. [/home/fpga/worker_place/temp/temp/20b5fb0942ca4bf394788858962ed3c2/hdl/rgb_to_ycrcb.sv:110]
WARNING: [Synth 8-3936] Found unconnected internal register 'cr1_reg' and it is trimmed from '22' to '20' bits. [/home/fpga/worker_place/temp/temp/20b5fb0942ca4bf394788858962ed3c2/hdl/rgb_to_ycrcb.sv:101]
WARNING: [Synth 8-3936] Found unconnected internal register 'y1_reg' and it is trimmed from '22' to '20' bits. [/home/fpga/worker_place/temp/temp/20b5fb0942ca4bf394788858962ed3c2/hdl/rgb_to_ycrcb.sv:92]
WARNING: [Synth 8-6014] Unused sequential element rollover_out_reg was removed.  [/home/fpga/worker_place/temp/temp/20b5fb0942ca4bf394788858962ed3c2/hdl/camera_registers.sv:258]
WARNING: [Synth 8-6014] Unused sequential element last_scl_i_reg_reg was removed.  [/home/fpga/worker_place/temp/temp/20b5fb0942ca4bf394788858962ed3c2/hdl/i2c_master.v:285]
INFO: [Synth 8-6071] Mark debug on the nets applies keep_hierarchy on instance 'lcw'. This will prevent further optimization [/home/fpga/worker_place/temp/temp/20b5fb0942ca4bf394788858962ed3c2/hdl/top_level.sv:80]
INFO: [Synth 8-6071] Mark debug on the nets applies keep_hierarchy on instance 'highdef_fb'. This will prevent further optimization [/home/fpga/worker_place/temp/temp/20b5fb0942ca4bf394788858962ed3c2/hdl/top_level.sv:265]
WARNING: [Synth 8-3917] design top_level has port rgb0[1] driven by constant 0
WARNING: [Synth 8-3917] design top_level has port rgb1[2] driven by constant 0
WARNING: [Synth 8-3917] design top_level has port rgb1[1] driven by constant 0
WARNING: [Synth 8-3917] design top_level has port rgb1[0] driven by constant 0
WARNING: [Synth 8-7129] Port letter_num[7] in module letters is either unconnected or has no load
WARNING: [Synth 8-7129] Port letter_num[6] in module letters is either unconnected or has no load
WARNING: [Synth 8-7129] Port letter_num[5] in module letters is either unconnected or has no load
WARNING: [Synth 8-7129] Port letter_num[4] in module letters is either unconnected or has no load
WARNING: [Synth 8-7129] Port rst in module letter_sprite is either unconnected or has no load
WARNING: [Synth 8-7129] Port number_ind[7] in module numbers is either unconnected or has no load
WARNING: [Synth 8-7129] Port number_ind[6] in module numbers is either unconnected or has no load
WARNING: [Synth 8-7129] Port number_ind[5] in module numbers is either unconnected or has no load
WARNING: [Synth 8-7129] Port number_ind[4] in module numbers is either unconnected or has no load
WARNING: [Synth 8-7129] Port rst in module number_sprite is either unconnected or has no load
WARNING: [Synth 8-7129] Port sleep in module xpm_memory_base is either unconnected or has no load
WARNING: [Synth 8-7129] Port rsta in module xpm_memory_base is either unconnected or has no load
WARNING: [Synth 8-7129] Port regcea in module xpm_memory_base is either unconnected or has no load
WARNING: [Synth 8-7129] Port injectsbiterra in module xpm_memory_base is either unconnected or has no load
WARNING: [Synth 8-7129] Port injectdbiterra in module xpm_memory_base is either unconnected or has no load
WARNING: [Synth 8-7129] Port dinb[163] in module xpm_memory_base is either unconnected or has no load
WARNING: [Synth 8-7129] Port dinb[162] in module xpm_memory_base is either unconnected or has no load
WARNING: [Synth 8-7129] Port dinb[161] in module xpm_memory_base is either unconnected or has no load
WARNING: [Synth 8-7129] Port dinb[160] in module xpm_memory_base is either unconnected or has no load
WARNING: [Synth 8-7129] Port dinb[159] in module xpm_memory_base is either unconnected or has no load
WARNING: [Synth 8-7129] Port dinb[158] in module xpm_memory_base is either unconnected or has no load
WARNING: [Synth 8-7129] Port dinb[157] in module xpm_memory_base is either unconnected or has no load
WARNING: [Synth 8-7129] Port dinb[156] in module xpm_memory_base is either unconnected or has no load
WARNING: [Synth 8-7129] Port dinb[155] in module xpm_memory_base is either unconnected or has no load
WARNING: [Synth 8-7129] Port dinb[154] in module xpm_memory_base is either unconnected or has no load
WARNING: [Synth 8-7129] Port dinb[153] in module xpm_memory_base is either unconnected or has no load
WARNING: [Synth 8-7129] Port dinb[152] in module xpm_memory_base is either unconnected or has no load
WARNING: [Synth 8-7129] Port dinb[151] in module xpm_memory_base is either unconnected or has no load
WARNING: [Synth 8-7129] Port dinb[150] in module xpm_memory_base is either unconnected or has no load
WARNING: [Synth 8-7129] Port dinb[149] in module xpm_memory_base is either unconnected or has no load
WARNING: [Synth 8-7129] Port dinb[148] in module xpm_memory_base is either unconnected or has no load
WARNING: [Synth 8-7129] Port dinb[147] in module xpm_memory_base is either unconnected or has no load
WARNING: [Synth 8-7129] Port dinb[146] in module xpm_memory_base is either unconnected or has no load
WARNING: [Synth 8-7129] Port dinb[145] in module xpm_memory_base is either unconnected or has no load
WARNING: [Synth 8-7129] Port dinb[144] in module xpm_memory_base is either unconnected or has no load
WARNING: [Synth 8-7129] Port dinb[143] in module xpm_memory_base is either unconnected or has no load
WARNING: [Synth 8-7129] Port dinb[142] in module xpm_memory_base is either unconnected or has no load
WARNING: [Synth 8-7129] Port dinb[141] in module xpm_memory_base is either unconnected or has no load
WARNING: [Synth 8-7129] Port dinb[140] in module xpm_memory_base is either unconnected or has no load
WARNING: [Synth 8-7129] Port dinb[139] in module xpm_memory_base is either unconnected or has no load
WARNING: [Synth 8-7129] Port dinb[138] in module xpm_memory_base is either unconnected or has no load
WARNING: [Synth 8-7129] Port dinb[137] in module xpm_memory_base is either unconnected or has no load
WARNING: [Synth 8-7129] Port dinb[136] in module xpm_memory_base is either unconnected or has no load
WARNING: [Synth 8-7129] Port dinb[135] in module xpm_memory_base is either unconnected or has no load
WARNING: [Synth 8-7129] Port dinb[134] in module xpm_memory_base is either unconnected or has no load
WARNING: [Synth 8-7129] Port dinb[133] in module xpm_memory_base is either unconnected or has no load
WARNING: [Synth 8-7129] Port dinb[132] in module xpm_memory_base is either unconnected or has no load
WARNING: [Synth 8-7129] Port dinb[131] in module xpm_memory_base is either unconnected or has no load
WARNING: [Synth 8-7129] Port dinb[130] in module xpm_memory_base is either unconnected or has no load
WARNING: [Synth 8-7129] Port dinb[129] in module xpm_memory_base is either unconnected or has no load
WARNING: [Synth 8-7129] Port dinb[128] in module xpm_memory_base is either unconnected or has no load
WARNING: [Synth 8-7129] Port dinb[127] in module xpm_memory_base is either unconnected or has no load
WARNING: [Synth 8-7129] Port dinb[126] in module xpm_memory_base is either unconnected or has no load
WARNING: [Synth 8-7129] Port dinb[125] in module xpm_memory_base is either unconnected or has no load
WARNING: [Synth 8-7129] Port dinb[124] in module xpm_memory_base is either unconnected or has no load
WARNING: [Synth 8-7129] Port dinb[123] in module xpm_memory_base is either unconnected or has no load
WARNING: [Synth 8-7129] Port dinb[122] in module xpm_memory_base is either unconnected or has no load
WARNING: [Synth 8-7129] Port dinb[121] in module xpm_memory_base is either unconnected or has no load
WARNING: [Synth 8-7129] Port dinb[120] in module xpm_memory_base is either unconnected or has no load
WARNING: [Synth 8-7129] Port dinb[119] in module xpm_memory_base is either unconnected or has no load
WARNING: [Synth 8-7129] Port dinb[118] in module xpm_memory_base is either unconnected or has no load
WARNING: [Synth 8-7129] Port dinb[117] in module xpm_memory_base is either unconnected or has no load
WARNING: [Synth 8-7129] Port dinb[116] in module xpm_memory_base is either unconnected or has no load
WARNING: [Synth 8-7129] Port dinb[115] in module xpm_memory_base is either unconnected or has no load
WARNING: [Synth 8-7129] Port dinb[114] in module xpm_memory_base is either unconnected or has no load
WARNING: [Synth 8-7129] Port dinb[113] in module xpm_memory_base is either unconnected or has no load
WARNING: [Synth 8-7129] Port dinb[112] in module xpm_memory_base is either unconnected or has no load
WARNING: [Synth 8-7129] Port dinb[111] in module xpm_memory_base is either unconnected or has no load
WARNING: [Synth 8-7129] Port dinb[110] in module xpm_memory_base is either unconnected or has no load
WARNING: [Synth 8-7129] Port dinb[109] in module xpm_memory_base is either unconnected or has no load
WARNING: [Synth 8-7129] Port dinb[108] in module xpm_memory_base is either unconnected or has no load
WARNING: [Synth 8-7129] Port dinb[107] in module xpm_memory_base is either unconnected or has no load
WARNING: [Synth 8-7129] Port dinb[106] in module xpm_memory_base is either unconnected or has no load
WARNING: [Synth 8-7129] Port dinb[105] in module xpm_memory_base is either unconnected or has no load
WARNING: [Synth 8-7129] Port dinb[104] in module xpm_memory_base is either unconnected or has no load
WARNING: [Synth 8-7129] Port dinb[103] in module xpm_memory_base is either unconnected or has no load
WARNING: [Synth 8-7129] Port dinb[102] in module xpm_memory_base is either unconnected or has no load
WARNING: [Synth 8-7129] Port dinb[101] in module xpm_memory_base is either unconnected or has no load
WARNING: [Synth 8-7129] Port dinb[100] in module xpm_memory_base is either unconnected or has no load
WARNING: [Synth 8-7129] Port dinb[99] in module xpm_memory_base is either unconnected or has no load
WARNING: [Synth 8-7129] Port dinb[98] in module xpm_memory_base is either unconnected or has no load
WARNING: [Synth 8-7129] Port dinb[97] in module xpm_memory_base is either unconnected or has no load
WARNING: [Synth 8-7129] Port dinb[96] in module xpm_memory_base is either unconnected or has no load
WARNING: [Synth 8-7129] Port dinb[95] in module xpm_memory_base is either unconnected or has no load
WARNING: [Synth 8-7129] Port dinb[94] in module xpm_memory_base is either unconnected or has no load
WARNING: [Synth 8-7129] Port dinb[93] in module xpm_memory_base is either unconnected or has no load
WARNING: [Synth 8-7129] Port dinb[92] in module xpm_memory_base is either unconnected or has no load
WARNING: [Synth 8-7129] Port dinb[91] in module xpm_memory_base is either unconnected or has no load
WARNING: [Synth 8-7129] Port dinb[90] in module xpm_memory_base is either unconnected or has no load
WARNING: [Synth 8-7129] Port dinb[89] in module xpm_memory_base is either unconnected or has no load
WARNING: [Synth 8-7129] Port dinb[88] in module xpm_memory_base is either unconnected or has no load
WARNING: [Synth 8-7129] Port dinb[87] in module xpm_memory_base is either unconnected or has no load
WARNING: [Synth 8-7129] Port dinb[86] in module xpm_memory_base is either unconnected or has no load
WARNING: [Synth 8-7129] Port dinb[85] in module xpm_memory_base is either unconnected or has no load
WARNING: [Synth 8-7129] Port dinb[84] in module xpm_memory_base is either unconnected or has no load
WARNING: [Synth 8-7129] Port dinb[83] in module xpm_memory_base is either unconnected or has no load
WARNING: [Synth 8-7129] Port dinb[82] in module xpm_memory_base is either unconnected or has no load
WARNING: [Synth 8-7129] Port dinb[81] in module xpm_memory_base is either unconnected or has no load
WARNING: [Synth 8-7129] Port dinb[80] in module xpm_memory_base is either unconnected or has no load
WARNING: [Synth 8-7129] Port dinb[79] in module xpm_memory_base is either unconnected or has no load
WARNING: [Synth 8-7129] Port dinb[78] in module xpm_memory_base is either unconnected or has no load
WARNING: [Synth 8-7129] Port dinb[77] in module xpm_memory_base is either unconnected or has no load
WARNING: [Synth 8-7129] Port dinb[76] in module xpm_memory_base is either unconnected or has no load
WARNING: [Synth 8-7129] Port dinb[75] in module xpm_memory_base is either unconnected or has no load
WARNING: [Synth 8-7129] Port dinb[74] in module xpm_memory_base is either unconnected or has no load
WARNING: [Synth 8-7129] Port dinb[73] in module xpm_memory_base is either unconnected or has no load
WARNING: [Synth 8-7129] Port dinb[72] in module xpm_memory_base is either unconnected or has no load
WARNING: [Synth 8-7129] Port dinb[71] in module xpm_memory_base is either unconnected or has no load
WARNING: [Synth 8-7129] Port dinb[70] in module xpm_memory_base is either unconnected or has no load
WARNING: [Synth 8-7129] Port dinb[69] in module xpm_memory_base is either unconnected or has no load
WARNING: [Synth 8-7129] Port dinb[68] in module xpm_memory_base is either unconnected or has no load
WARNING: [Synth 8-7129] Port dinb[67] in module xpm_memory_base is either unconnected or has no load
WARNING: [Synth 8-7129] Port dinb[66] in module xpm_memory_base is either unconnected or has no load
WARNING: [Synth 8-7129] Port dinb[65] in module xpm_memory_base is either unconnected or has no load
WARNING: [Synth 8-7129] Port dinb[64] in module xpm_memory_base is either unconnected or has no load
WARNING: [Synth 8-7129] Port dinb[63] in module xpm_memory_base is either unconnected or has no load
WARNING: [Synth 8-7129] Port dinb[62] in module xpm_memory_base is either unconnected or has no load
WARNING: [Synth 8-7129] Port dinb[61] in module xpm_memory_base is either unconnected or has no load
WARNING: [Synth 8-7129] Port dinb[60] in module xpm_memory_base is either unconnected or has no load
WARNING: [Synth 8-7129] Port dinb[59] in module xpm_memory_base is either unconnected or has no load
WARNING: [Synth 8-7129] Port dinb[58] in module xpm_memory_base is either unconnected or has no load
WARNING: [Synth 8-7129] Port dinb[57] in module xpm_memory_base is either unconnected or has no load
WARNING: [Synth 8-7129] Port dinb[56] in module xpm_memory_base is either unconnected or has no load
WARNING: [Synth 8-7129] Port dinb[55] in module xpm_memory_base is either unconnected or has no load
WARNING: [Synth 8-7129] Port dinb[54] in module xpm_memory_base is either unconnected or has no load
WARNING: [Synth 8-7129] Port dinb[53] in module xpm_memory_base is either unconnected or has no load
WARNING: [Synth 8-7129] Port dinb[52] in module xpm_memory_base is either unconnected or has no load
WARNING: [Synth 8-7129] Port dinb[51] in module xpm_memory_base is either unconnected or has no load
WARNING: [Synth 8-7129] Port dinb[50] in module xpm_memory_base is either unconnected or has no load
WARNING: [Synth 8-7129] Port dinb[49] in module xpm_memory_base is either unconnected or has no load
WARNING: [Synth 8-7129] Port dinb[48] in module xpm_memory_base is either unconnected or has no load
WARNING: [Synth 8-7129] Port dinb[47] in module xpm_memory_base is either unconnected or has no load
WARNING: [Synth 8-7129] Port dinb[46] in module xpm_memory_base is either unconnected or has no load
WARNING: [Synth 8-7129] Port dinb[45] in module xpm_memory_base is either unconnected or has no load
WARNING: [Synth 8-7129] Port dinb[44] in module xpm_memory_base is either unconnected or has no load
WARNING: [Synth 8-7129] Port dinb[43] in module xpm_memory_base is either unconnected or has no load
WARNING: [Synth 8-7129] Port dinb[42] in module xpm_memory_base is either unconnected or has no load
WARNING: [Synth 8-7129] Port dinb[41] in module xpm_memory_base is either unconnected or has no load
WARNING: [Synth 8-7129] Port dinb[40] in module xpm_memory_base is either unconnected or has no load
WARNING: [Synth 8-7129] Port dinb[39] in module xpm_memory_base is either unconnected or has no load
WARNING: [Synth 8-7129] Port dinb[38] in module xpm_memory_base is either unconnected or has no load
WARNING: [Synth 8-7129] Port dinb[37] in module xpm_memory_base is either unconnected or has no load
WARNING: [Synth 8-7129] Port dinb[36] in module xpm_memory_base is either unconnected or has no load
WARNING: [Synth 8-7129] Port dinb[35] in module xpm_memory_base is either unconnected or has no load
WARNING: [Synth 8-7129] Port dinb[34] in module xpm_memory_base is either unconnected or has no load
WARNING: [Synth 8-7129] Port dinb[33] in module xpm_memory_base is either unconnected or has no load
WARNING: [Synth 8-7129] Port dinb[32] in module xpm_memory_base is either unconnected or has no load
WARNING: [Synth 8-7129] Port dinb[31] in module xpm_memory_base is either unconnected or has no load
WARNING: [Synth 8-7129] Port dinb[30] in module xpm_memory_base is either unconnected or has no load
WARNING: [Synth 8-7129] Port dinb[29] in module xpm_memory_base is either unconnected or has no load
WARNING: [Synth 8-7129] Port dinb[28] in module xpm_memory_base is either unconnected or has no load
WARNING: [Synth 8-7129] Port dinb[27] in module xpm_memory_base is either unconnected or has no load
WARNING: [Synth 8-7129] Port dinb[26] in module xpm_memory_base is either unconnected or has no load
WARNING: [Synth 8-7129] Port dinb[25] in module xpm_memory_base is either unconnected or has no load
WARNING: [Synth 8-7129] Port dinb[24] in module xpm_memory_base is either unconnected or has no load
WARNING: [Synth 8-7129] Port dinb[23] in module xpm_memory_base is either unconnected or has no load
WARNING: [Synth 8-7129] Port dinb[22] in module xpm_memory_base is either unconnected or has no load
WARNING: [Synth 8-7129] Port dinb[21] in module xpm_memory_base is either unconnected or has no load
WARNING: [Synth 8-7129] Port dinb[20] in module xpm_memory_base is either unconnected or has no load
WARNING: [Synth 8-7129] Port dinb[19] in module xpm_memory_base is either unconnected or has no load
WARNING: [Synth 8-7129] Port dinb[18] in module xpm_memory_base is either unconnected or has no load
WARNING: [Synth 8-7129] Port dinb[17] in module xpm_memory_base is either unconnected or has no load
WARNING: [Synth 8-7129] Port dinb[16] in module xpm_memory_base is either unconnected or has no load
WARNING: [Synth 8-7129] Port dinb[15] in module xpm_memory_base is either unconnected or has no load
WARNING: [Synth 8-7129] Port dinb[14] in module xpm_memory_base is either unconnected or has no load
WARNING: [Synth 8-7129] Port dinb[13] in module xpm_memory_base is either unconnected or has no load
WARNING: [Synth 8-7129] Port dinb[12] in module xpm_memory_base is either unconnected or has no load
WARNING: [Synth 8-7129] Port dinb[11] in module xpm_memory_base is either unconnected or has no load
WARNING: [Synth 8-7129] Port dinb[10] in module xpm_memory_base is either unconnected or has no load
WARNING: [Synth 8-7129] Port dinb[9] in module xpm_memory_base is either unconnected or has no load
WARNING: [Synth 8-7129] Port dinb[8] in module xpm_memory_base is either unconnected or has no load
WARNING: [Synth 8-7129] Port dinb[7] in module xpm_memory_base is either unconnected or has no load
WARNING: [Synth 8-7129] Port dinb[6] in module xpm_memory_base is either unconnected or has no load
WARNING: [Synth 8-7129] Port dinb[5] in module xpm_memory_base is either unconnected or has no load
WARNING: [Synth 8-7129] Port dinb[4] in module xpm_memory_base is either unconnected or has no load
WARNING: [Synth 8-7129] Port dinb[3] in module xpm_memory_base is either unconnected or has no load
WARNING: [Synth 8-7129] Port dinb[2] in module xpm_memory_base is either unconnected or has no load
WARNING: [Synth 8-7129] Port dinb[1] in module xpm_memory_base is either unconnected or has no load
WARNING: [Synth 8-7129] Port dinb[0] in module xpm_memory_base is either unconnected or has no load
WARNING: [Synth 8-7129] Port injectsbiterrb in module xpm_memory_base is either unconnected or has no load
WARNING: [Synth 8-7129] Port injectdbiterrb in module xpm_memory_base is either unconnected or has no load
WARNING: [Synth 8-7129] Port i_controller_odelay_data_cntvaluein[4] in module ddr3_phy is either unconnected or has no load
WARNING: [Synth 8-7129] Port i_controller_odelay_data_cntvaluein[3] in module ddr3_phy is either unconnected or has no load
WARNING: [Synth 8-7129] Port i_controller_odelay_data_cntvaluein[2] in module ddr3_phy is either unconnected or has no load
WARNING: [Synth 8-7129] Port i_controller_odelay_data_cntvaluein[1] in module ddr3_phy is either unconnected or has no load
WARNING: [Synth 8-7129] Port i_controller_odelay_data_cntvaluein[0] in module ddr3_phy is either unconnected or has no load
WARNING: [Synth 8-7129] Port i_controller_odelay_dqs_cntvaluein[4] in module ddr3_phy is either unconnected or has no load
WARNING: [Synth 8-7129] Port i_controller_odelay_dqs_cntvaluein[3] in module ddr3_phy is either unconnected or has no load
WARNING: [Synth 8-7129] Port i_controller_odelay_dqs_cntvaluein[2] in module ddr3_phy is either unconnected or has no load
WARNING: [Synth 8-7129] Port i_controller_odelay_dqs_cntvaluein[1] in module ddr3_phy is either unconnected or has no load
WARNING: [Synth 8-7129] Port i_controller_odelay_dqs_cntvaluein[0] in module ddr3_phy is either unconnected or has no load
WARNING: [Synth 8-7129] Port i_controller_odelay_data_ld[1] in module ddr3_phy is either unconnected or has no load
WARNING: [Synth 8-7129] Port i_controller_odelay_data_ld[0] in module ddr3_phy is either unconnected or has no load
WARNING: [Synth 8-7129] Port i_controller_odelay_dqs_ld[1] in module ddr3_phy is either unconnected or has no load
WARNING: [Synth 8-7129] Port i_controller_odelay_dqs_ld[0] in module ddr3_phy is either unconnected or has no load
WARNING: [Synth 8-7129] Port i_wb2_cyc in module ddr3_controller is either unconnected or has no load
WARNING: [Synth 8-7129] Port i_wb2_stb in module ddr3_controller is either unconnected or has no load
WARNING: [Synth 8-7129] Port i_wb2_we in module ddr3_controller is either unconnected or has no load
WARNING: [Synth 8-7129] Port i_wb2_addr[31] in module ddr3_controller is either unconnected or has no load
WARNING: [Synth 8-7129] Port i_wb2_addr[30] in module ddr3_controller is either unconnected or has no load
WARNING: [Synth 8-7129] Port i_wb2_addr[29] in module ddr3_controller is either unconnected or has no load
WARNING: [Synth 8-7129] Port i_wb2_addr[28] in module ddr3_controller is either unconnected or has no load
WARNING: [Synth 8-7129] Port i_wb2_addr[27] in module ddr3_controller is either unconnected or has no load
WARNING: [Synth 8-7129] Port i_wb2_addr[26] in module ddr3_controller is either unconnected or has no load
WARNING: [Synth 8-7129] Port i_wb2_addr[25] in module ddr3_controller is either unconnected or has no load
WARNING: [Synth 8-7129] Port i_wb2_addr[24] in module ddr3_controller is either unconnected or has no load
WARNING: [Synth 8-7129] Port i_wb2_addr[23] in module ddr3_controller is either unconnected or has no load
WARNING: [Synth 8-7129] Port i_wb2_addr[22] in module ddr3_controller is either unconnected or has no load
WARNING: [Synth 8-7129] Port i_wb2_addr[21] in module ddr3_controller is either unconnected or has no load
WARNING: [Synth 8-7129] Port i_wb2_addr[20] in module ddr3_controller is either unconnected or has no load
WARNING: [Synth 8-7129] Port i_wb2_addr[19] in module ddr3_controller is either unconnected or has no load
WARNING: [Synth 8-7129] Port i_wb2_addr[18] in module ddr3_controller is either unconnected or has no load
WARNING: [Synth 8-7129] Port i_wb2_addr[17] in module ddr3_controller is either unconnected or has no load
WARNING: [Synth 8-7129] Port i_wb2_addr[16] in module ddr3_controller is either unconnected or has no load
WARNING: [Synth 8-7129] Port i_wb2_addr[15] in module ddr3_controller is either unconnected or has no load
WARNING: [Synth 8-7129] Port i_wb2_addr[14] in module ddr3_controller is either unconnected or has no load
WARNING: [Synth 8-7129] Port i_wb2_addr[13] in module ddr3_controller is either unconnected or has no load
WARNING: [Synth 8-7129] Port i_wb2_addr[12] in module ddr3_controller is either unconnected or has no load
WARNING: [Synth 8-7129] Port i_wb2_addr[11] in module ddr3_controller is either unconnected or has no load
WARNING: [Synth 8-7129] Port i_wb2_addr[10] in module ddr3_controller is either unconnected or has no load
WARNING: [Synth 8-7129] Port i_wb2_addr[9] in module ddr3_controller is either unconnected or has no load
WARNING: [Synth 8-7129] Port i_wb2_addr[8] in module ddr3_controller is either unconnected or has no load
WARNING: [Synth 8-7129] Port i_wb2_addr[7] in module ddr3_controller is either unconnected or has no load
WARNING: [Synth 8-7129] Port i_wb2_addr[6] in module ddr3_controller is either unconnected or has no load
WARNING: [Synth 8-7129] Port i_wb2_addr[5] in module ddr3_controller is either unconnected or has no load
WARNING: [Synth 8-7129] Port i_wb2_addr[4] in module ddr3_controller is either unconnected or has no load
WARNING: [Synth 8-7129] Port i_wb2_addr[3] in module ddr3_controller is either unconnected or has no load
WARNING: [Synth 8-7129] Port i_wb2_addr[2] in module ddr3_controller is either unconnected or has no load
WARNING: [Synth 8-7129] Port i_wb2_addr[1] in module ddr3_controller is either unconnected or has no load
WARNING: [Synth 8-7129] Port i_wb2_addr[0] in module ddr3_controller is either unconnected or has no load
WARNING: [Synth 8-7129] Port i_wb2_sel[3] in module ddr3_controller is either unconnected or has no load
WARNING: [Synth 8-7129] Port i_wb2_sel[2] in module ddr3_controller is either unconnected or has no load
WARNING: [Synth 8-7129] Port i_wb2_sel[1] in module ddr3_controller is either unconnected or has no load
WARNING: [Synth 8-7129] Port i_wb2_sel[0] in module ddr3_controller is either unconnected or has no load
WARNING: [Synth 8-7129] Port i_wb2_data[31] in module ddr3_controller is either unconnected or has no load
WARNING: [Synth 8-7129] Port i_wb2_data[30] in module ddr3_controller is either unconnected or has no load
WARNING: [Synth 8-7129] Port i_wb2_data[29] in module ddr3_controller is either unconnected or has no load
WARNING: [Synth 8-7129] Port i_wb2_data[28] in module ddr3_controller is either unconnected or has no load
WARNING: [Synth 8-7129] Port i_wb2_data[27] in module ddr3_controller is either unconnected or has no load
WARNING: [Synth 8-7129] Port i_wb2_data[26] in module ddr3_controller is either unconnected or has no load
WARNING: [Synth 8-7129] Port i_wb2_data[25] in module ddr3_controller is either unconnected or has no load
WARNING: [Synth 8-7129] Port i_wb2_data[24] in module ddr3_controller is either unconnected or has no load
WARNING: [Synth 8-7129] Port i_wb2_data[23] in module ddr3_controller is either unconnected or has no load
WARNING: [Synth 8-7129] Port i_wb2_data[22] in module ddr3_controller is either unconnected or has no load
WARNING: [Synth 8-7129] Port i_wb2_data[21] in module ddr3_controller is either unconnected or has no load
WARNING: [Synth 8-7129] Port i_wb2_data[20] in module ddr3_controller is either unconnected or has no load
WARNING: [Synth 8-7129] Port i_wb2_data[19] in module ddr3_controller is either unconnected or has no load
WARNING: [Synth 8-7129] Port i_wb2_data[18] in module ddr3_controller is either unconnected or has no load
WARNING: [Synth 8-7129] Port i_wb2_data[17] in module ddr3_controller is either unconnected or has no load
WARNING: [Synth 8-7129] Port i_wb2_data[16] in module ddr3_controller is either unconnected or has no load
WARNING: [Synth 8-7129] Port i_wb2_data[15] in module ddr3_controller is either unconnected or has no load
WARNING: [Synth 8-7129] Port i_wb2_data[14] in module ddr3_controller is either unconnected or has no load
WARNING: [Synth 8-7129] Port i_wb2_data[13] in module ddr3_controller is either unconnected or has no load
WARNING: [Synth 8-7129] Port i_wb2_data[12] in module ddr3_controller is either unconnected or has no load
WARNING: [Synth 8-7129] Port i_wb2_data[11] in module ddr3_controller is either unconnected or has no load
WARNING: [Synth 8-7129] Port i_wb2_data[10] in module ddr3_controller is either unconnected or has no load
WARNING: [Synth 8-7129] Port i_wb2_data[9] in module ddr3_controller is either unconnected or has no load
WARNING: [Synth 8-7129] Port i_wb2_data[8] in module ddr3_controller is either unconnected or has no load
WARNING: [Synth 8-7129] Port i_wb2_data[7] in module ddr3_controller is either unconnected or has no load
WARNING: [Synth 8-7129] Port i_wb2_data[6] in module ddr3_controller is either unconnected or has no load
WARNING: [Synth 8-7129] Port i_wb2_data[5] in module ddr3_controller is either unconnected or has no load
WARNING: [Synth 8-7129] Port i_wb2_data[4] in module ddr3_controller is either unconnected or has no load
WARNING: [Synth 8-7129] Port i_wb2_data[3] in module ddr3_controller is either unconnected or has no load
WARNING: [Synth 8-7129] Port i_wb2_data[2] in module ddr3_controller is either unconnected or has no load
WARNING: [Synth 8-7129] Port i_wb2_data[1] in module ddr3_controller is either unconnected or has no load
WARNING: [Synth 8-7129] Port i_wb2_data[0] in module ddr3_controller is either unconnected or has no load
WARNING: [Synth 8-7129] Port read_axis_ready in module traffic_generator is either unconnected or has no load
WARNING: [Synth 8-7129] Port led[5] in module top_level is either unconnected or has no load
WARNING: [Synth 8-7129] Port btn[3] in module top_level is either unconnected or has no load
WARNING: [Synth 8-7129] Port btn[1] in module top_level is either unconnected or has no load
---------------------------------------------------------------------------------
Finished RTL Elaboration : Time (s): cpu = 00:00:05 ; elapsed = 00:00:05 . Memory (MB): peak = 2320.781 ; gain = 649.852 ; free physical = 18384 ; free virtual = 36758
---------------------------------------------------------------------------------
---------------------------------------------------------------------------------
Start Handling Custom Attributes
---------------------------------------------------------------------------------
---------------------------------------------------------------------------------
Finished Handling Custom Attributes : Time (s): cpu = 00:00:05 ; elapsed = 00:00:05 . Memory (MB): peak = 2323.750 ; gain = 652.820 ; free physical = 18384 ; free virtual = 36758
---------------------------------------------------------------------------------
---------------------------------------------------------------------------------
Finished RTL Optimization Phase 1 : Time (s): cpu = 00:00:05 ; elapsed = 00:00:05 . Memory (MB): peak = 2323.750 ; gain = 652.820 ; free physical = 18384 ; free virtual = 36758
---------------------------------------------------------------------------------
Netlist sorting complete. Time (s): cpu = 00:00:00.06 ; elapsed = 00:00:00.06 . Memory (MB): peak = 2326.719 ; gain = 0.000 ; free physical = 18384 ; free virtual = 36758
INFO: [Netlist 29-17] Analyzing 63 Unisim elements for replacement
INFO: [Netlist 29-28] Unisim Transformation completed in 0 CPU seconds
INFO: [Project 1-570] Preparing netlist for logic optimization

Processing XDC Constraints
Initializing timing engine
Parsing XDC File [/home/fpga/worker_place/temp/temp/20b5fb0942ca4bf394788858962ed3c2/xdc/top_level.xdc]
Finished Parsing XDC File [/home/fpga/worker_place/temp/temp/20b5fb0942ca4bf394788858962ed3c2/xdc/top_level.xdc]
INFO: [Project 1-236] Implementation specific constraints were found while reading constraint file [/home/fpga/worker_place/temp/temp/20b5fb0942ca4bf394788858962ed3c2/xdc/top_level.xdc]. These constraints will be ignored for synthesis but will be used in implementation. Impacted constraints are listed in the file [.Xil/top_level_propImpl.xdc].
Resolution: To avoid this warning, move constraints listed in [.Xil/top_level_propImpl.xdc] to another XDC file and exclude this new file from synthesis with the used_in_synthesis property (File Properties dialog in GUI) and re-run elaboration/synthesis.
INFO: [Timing 38-2] Deriving generated clocks
Completed Processing XDC Constraints

Netlist sorting complete. Time (s): cpu = 00:00:00 ; elapsed = 00:00:00 . Memory (MB): peak = 2429.184 ; gain = 0.000 ; free physical = 18389 ; free virtual = 36763
INFO: [Project 1-111] Unisim Transformation Summary:
  A total of 25 instances were transformed.
  IOBUF => IOBUF (IBUF, OBUFT): 18 instances
  IOBUFDS => IOBUFDS (IBUFDS, INV, OBUFTDS(x2)): 2 instances
  OBUFDS => OBUFDS_DUAL_BUF (INV, OBUFDS(x2)): 5 instances

Constraint Validation Runtime : Time (s): cpu = 00:00:00.01 ; elapsed = 00:00:00.01 . Memory (MB): peak = 2429.219 ; gain = 0.000 ; free physical = 18389 ; free virtual = 36762
---------------------------------------------------------------------------------
Finished Constraint Validation : Time (s): cpu = 00:00:09 ; elapsed = 00:00:09 . Memory (MB): peak = 2429.219 ; gain = 758.289 ; free physical = 18389 ; free virtual = 36763
---------------------------------------------------------------------------------
---------------------------------------------------------------------------------
Start Loading Part and Timing Information
---------------------------------------------------------------------------------
Loading part: xc7s50csga324-1
---------------------------------------------------------------------------------
Finished Loading Part and Timing Information : Time (s): cpu = 00:00:09 ; elapsed = 00:00:09 . Memory (MB): peak = 2437.188 ; gain = 766.258 ; free physical = 18389 ; free virtual = 36763
---------------------------------------------------------------------------------
---------------------------------------------------------------------------------
Start Applying 'set_property' XDC Constraints
---------------------------------------------------------------------------------
---------------------------------------------------------------------------------
Finished applying 'set_property' XDC Constraints : Time (s): cpu = 00:00:09 ; elapsed = 00:00:09 . Memory (MB): peak = 2437.188 ; gain = 766.258 ; free physical = 18389 ; free virtual = 36763
---------------------------------------------------------------------------------
INFO: [Synth 8-802] inferred FSM for state register 'gen_rst_ic.curr_wrst_state_reg' in module 'xpm_fifo_rst'
INFO: [Synth 8-802] inferred FSM for state register 'gen_rst_ic.curr_rrst_state_reg' in module 'xpm_fifo_rst'
INFO: [Synth 8-802] inferred FSM for state register 'gen_fwft.curr_fwft_state_reg' in module 'xpm_fifo_base'
INFO: [Synth 8-802] inferred FSM for state register 'state_reg' in module 'traffic_generator'
WARNING: [Synth 8-3936] Found unconnected internal register 'pixel_color_reg' and it is trimmed from '5' to '1' bits. [/home/fpga/worker_place/temp/temp/20b5fb0942ca4bf394788858962ed3c2/hdl/number_sprite.sv:39]
WARNING: [Synth 8-3936] Found unconnected internal register 'number_y_reg' and it is trimmed from '33' to '3' bits. [/home/fpga/worker_place/temp/temp/20b5fb0942ca4bf394788858962ed3c2/hdl/number_sprite.sv:39]
WARNING: [Synth 8-3936] Found unconnected internal register 'letter_y_reg' and it is trimmed from '33' to '3' bits. [/home/fpga/worker_place/temp/temp/20b5fb0942ca4bf394788858962ed3c2/hdl/letter_sprite.sv:39]
WARNING: [Synth 8-3936] Found unconnected internal register 't_inter_reg' and it is trimmed from '32' to '4' bits. [/home/fpga/worker_place/temp/temp/20b5fb0942ca4bf394788858962ed3c2/hdl/digits.sv:30]
WARNING: [Synth 8-3936] Found unconnected internal register 'h_rem_reg' and it is trimmed from '32' to '4' bits. [/home/fpga/worker_place/temp/temp/20b5fb0942ca4bf394788858962ed3c2/hdl/digits.sv:31]
INFO: [Synth 8-802] inferred FSM for state register 'state_reg' in module 'digits'
INFO: [Synth 8-802] inferred FSM for state register 'state_reg_reg' in module 'i2c_master'
INFO: [Synth 8-802] inferred FSM for state register 'phy_state_reg_reg' in module 'i2c_master'
INFO: [Synth 8-802] inferred FSM for state register 'state_reg' in module 'camera_registers'
INFO: [Synth 8-3971] The signal "xilinx_true_dual_port_read_first_2_clock_ram:/BRAM_reg" was recognized as a true dual port RAM template.
INFO: [Synth 8-5552] Implemented safe state 'default_state' for state register 'gen_rst_ic.curr_wrst_state_reg' in module 'xpm_fifo_rst'
---------------------------------------------------------------------------------------------------
                   State |                     New Encoding |                Previous Encoding 
---------------------------------------------------------------------------------------------------
*
               WRST_IDLE |                            00001 |                              000
                 WRST_IN |                            00010 |                              010
                WRST_OUT |                            00100 |                              111
               WRST_EXIT |                            01000 |                              110
            WRST_GO2IDLE |                            10000 |                              100
---------------------------------------------------------------------------------------------------
INFO: [Synth 8-3354] encoded FSM with state register 'gen_rst_ic.curr_wrst_state_reg' using encoding 'one-hot' in module 'xpm_fifo_rst'
INFO: [Synth 8-5552] Implemented safe state 'default_state' for state register 'gen_rst_ic.curr_rrst_state_reg' in module 'xpm_fifo_rst'
---------------------------------------------------------------------------------------------------
                   State |                     New Encoding |                Previous Encoding 
---------------------------------------------------------------------------------------------------
*
               RRST_IDLE |                               00 |                               00
                 RRST_IN |                               01 |                               10
                RRST_OUT |                               10 |                               11
               RRST_EXIT |                               11 |                               01
---------------------------------------------------------------------------------------------------
INFO: [Synth 8-3354] encoded FSM with state register 'gen_rst_ic.curr_rrst_state_reg' using encoding 'sequential' in module 'xpm_fifo_rst'
---------------------------------------------------------------------------------------------------
                   State |                     New Encoding |                Previous Encoding 
---------------------------------------------------------------------------------------------------
                 invalid |                               00 |                               00
            stage1_valid |                               01 |                               10
       both_stages_valid |                               10 |                               11
            stage2_valid |                               11 |                               01
---------------------------------------------------------------------------------------------------
INFO: [Synth 8-3354] encoded FSM with state register 'gen_fwft.curr_fwft_state_reg' using encoding 'sequential' in module 'xpm_fifo_base'
---------------------------------------------------------------------------------------------------
                   State |                     New Encoding |                Previous Encoding 
---------------------------------------------------------------------------------------------------
                     RST |                             0001 | 00000000000000000000000000000000
               WAIT_INIT |                             0010 | 00000000000000000000000000000001
                 RD_HDMI |                             0100 | 00000000000000000000000000000010
                  WR_CAM |                             1000 | 00000000000000000000000000000011
---------------------------------------------------------------------------------------------------
INFO: [Synth 8-3354] encoded FSM with state register 'state_reg' using encoding 'one-hot' in module 'traffic_generator'
---------------------------------------------------------------------------------------------------
                   State |                     New Encoding |                Previous Encoding 
---------------------------------------------------------------------------------------------------
                       H |                              001 | 00000000000000000000000000000000
                       T |                              010 | 00000000000000000000000000000001
                     OUT |                              100 | 00000000000000000000000000000010
---------------------------------------------------------------------------------------------------
INFO: [Synth 8-3354] encoded FSM with state register 'state_reg' using encoding 'one-hot' in module 'digits'
---------------------------------------------------------------------------------------------------
                   State |                     New Encoding |                Previous Encoding 
---------------------------------------------------------------------------------------------------
              STATE_IDLE |                     000000000001 |                            00000
        STATE_START_WAIT |                     000000000010 |                            00011
         STATE_ADDRESS_1 |                     000000000100 |                            00101
         STATE_ADDRESS_2 |                     000000001000 |                            00110
              STATE_READ |                     000000010000 |                            01010
       STATE_ACTIVE_READ |                     000000100000 |                            00010
             STATE_START |                     000001000000 |                            00100
              STATE_STOP |                     000010000000 |                            01011
           STATE_WRITE_1 |                     000100000000 |                            00111
           STATE_WRITE_2 |                     001000000000 |                            01000
           STATE_WRITE_3 |                     010000000000 |                            01001
      STATE_ACTIVE_WRITE |                     100000000000 |                            00001
---------------------------------------------------------------------------------------------------
INFO: [Synth 8-3354] encoded FSM with state register 'state_reg_reg' using encoding 'one-hot' in module 'i2c_master'
---------------------------------------------------------------------------------------------------
                   State |                     New Encoding |                Previous Encoding 
---------------------------------------------------------------------------------------------------
          PHY_STATE_IDLE |                             0000 |                            00000
       PHY_STATE_START_1 |                             0001 |                            00100
       PHY_STATE_START_2 |                             0010 |                            00101
        PHY_STATE_ACTIVE |                             0011 |                            00001
PHY_STATE_REPEATED_START_1 |                             0100 |                            00010
PHY_STATE_REPEATED_START_2 |                             0101 |                            00011
   PHY_STATE_WRITE_BIT_1 |                             0110 |                            00110
   PHY_STATE_WRITE_BIT_2 |                             0111 |                            00111
   PHY_STATE_WRITE_BIT_3 |                             1000 |                            01000
    PHY_STATE_READ_BIT_1 |                             1001 |                            01001
    PHY_STATE_READ_BIT_2 |                             1010 |                            01010
    PHY_STATE_READ_BIT_3 |                             1011 |                            01011
    PHY_STATE_READ_BIT_4 |                             1100 |                            01100
        PHY_STATE_STOP_1 |                             1101 |                            01101
        PHY_STATE_STOP_2 |                             1110 |                            01110
        PHY_STATE_STOP_3 |                             1111 |                            01111
---------------------------------------------------------------------------------------------------
INFO: [Synth 8-3354] encoded FSM with state register 'phy_state_reg_reg' using encoding 'sequential' in module 'i2c_master'
---------------------------------------------------------------------------------------------------
                   State |                     New Encoding |                Previous Encoding 
---------------------------------------------------------------------------------------------------
                     RST |                        000000001 | 00000000000000000000000000000000
               WAIT_INIT |                        000000010 | 00000000000000000000000000000001
             GET_REGPAIR |                        000000100 | 00000000000000000000000000000010
            WAIT_REGPAIR |                        000001000 | 00000000000000000000000000000011
           WRITE_REGPAIR |                        000010000 | 00000000000000000000000000000100
               ISSUE_CMD |                        000100000 | 00000000000000000000000000000101
        WRITE_REGADDR_HI |                        001000000 | 00000000000000000000000000000110
        WRITE_REGADDR_LO |                        010000000 | 00000000000000000000000000000111
           WRITE_REGDATA |                        100000000 | 00000000000000000000000000001000
---------------------------------------------------------------------------------------------------
INFO: [Synth 8-3354] encoded FSM with state register 'state_reg' using encoding 'one-hot' in module 'camera_registers'
---------------------------------------------------------------------------------
Finished RTL Optimization Phase 2 : Time (s): cpu = 00:00:11 ; elapsed = 00:00:11 . Memory (MB): peak = 2437.188 ; gain = 766.258 ; free physical = 18389 ; free virtual = 36766
---------------------------------------------------------------------------------
---------------------------------------------------------------------------------
Start RTL Component Statistics 
---------------------------------------------------------------------------------
Detailed RTL Component Info : 
+---Adders : 
	   3 Input   33 Bit       Adders := 16    
	   2 Input   33 Bit       Adders := 8     
	   2 Input   32 Bit       Adders := 5     
	   2 Input   24 Bit       Adders := 5     
	   4 Input   20 Bit       Adders := 2     
	   2 Input   17 Bit       Adders := 1     
	   2 Input   16 Bit       Adders := 1     
	   3 Input   13 Bit       Adders := 8     
	   3 Input   12 Bit       Adders := 8     
	   2 Input   11 Bit       Adders := 1     
	   2 Input   10 Bit       Adders := 3     
	   2 Input    9 Bit       Adders := 1     
	   4 Input    8 Bit       Adders := 4     
	   2 Input    8 Bit       Adders := 6     
	   2 Input    7 Bit       Adders := 5     
	   4 Input    7 Bit       Adders := 6     
	   3 Input    7 Bit       Adders := 2     
	   2 Input    6 Bit       Adders := 9     
	   2 Input    5 Bit       Adders := 10    
	   4 Input    5 Bit       Adders := 12    
	   2 Input    4 Bit       Adders := 38    
	   7 Input    4 Bit       Adders := 6     
	   2 Input    3 Bit       Adders := 7     
	   2 Input    2 Bit       Adders := 7     
	   4 Input    2 Bit       Adders := 2     
	   2 Input    1 Bit       Adders := 2     
+---XORs : 
	   2 Input      8 Bit         XORs := 12    
	   2 Input      7 Bit         XORs := 4     
	   2 Input      1 Bit         XORs := 92    
+---Registers : 
	              164 Bit    Registers := 4     
	              128 Bit    Registers := 12    
	               64 Bit    Registers := 3     
	               40 Bit    Registers := 1     
	               33 Bit    Registers := 8     
	               32 Bit    Registers := 4     
	               28 Bit    Registers := 1     
	               24 Bit    Registers := 7     
	               20 Bit    Registers := 6     
	               19 Bit    Registers := 2     
	               17 Bit    Registers := 23    
	               16 Bit    Registers := 21    
	               14 Bit    Registers := 11    
	               11 Bit    Registers := 1     
	               10 Bit    Registers := 10    
	                9 Bit    Registers := 1     
	                8 Bit    Registers := 46    
	                7 Bit    Registers := 33    
	                6 Bit    Registers := 8     
	                5 Bit    Registers := 15    
	                4 Bit    Registers := 49    
	                3 Bit    Registers := 26    
	                2 Bit    Registers := 14    
	                1 Bit    Registers := 137   
+---Multipliers : 
	               8x32  Multipliers := 2     
	              14x32  Multipliers := 1     
+---RAMs : 
	             900K Bit	(57600 X 16 bit)          RAMs := 1     
	              20K Bit	(128 X 164 bit)          RAMs := 2     
	               6K Bit	(256 X 24 bit)          RAMs := 1     
	               1K Bit	(64 X 25 bit)          RAMs := 1     
+---Muxes : 
	   2 Input  128 Bit        Muxes := 13    
	   3 Input  128 Bit        Muxes := 1     
	   2 Input  120 Bit        Muxes := 3     
	   2 Input   64 Bit        Muxes := 2     
	   4 Input   32 Bit        Muxes := 2     
	   2 Input   32 Bit        Muxes := 1     
	   3 Input   28 Bit        Muxes := 1     
	   2 Input   24 Bit        Muxes := 23    
	   4 Input   24 Bit        Muxes := 3     
	   3 Input   24 Bit        Muxes := 1     
	   9 Input   24 Bit        Muxes := 1     
	   2 Input   19 Bit        Muxes := 1     
	   2 Input   17 Bit        Muxes := 39    
	  16 Input   17 Bit        Muxes := 1     
	   3 Input   16 Bit        Muxes := 1     
	  25 Input   16 Bit        Muxes := 1     
	   2 Input   16 Bit        Muxes := 17    
	   2 Input   15 Bit        Muxes := 1     
	   2 Input   14 Bit        Muxes := 170   
	  12 Input   12 Bit        Muxes := 1     
	   2 Input   12 Bit        Muxes := 23    
	   2 Input   10 Bit        Muxes := 11    
	   5 Input   10 Bit        Muxes := 3     
	   2 Input    9 Bit        Muxes := 15    
	   4 Input    9 Bit        Muxes := 1     
	   9 Input    9 Bit        Muxes := 1     
	   2 Input    8 Bit        Muxes := 43    
	   4 Input    8 Bit        Muxes := 1     
	  12 Input    8 Bit        Muxes := 1     
	   6 Input    8 Bit        Muxes := 1     
	   2 Input    7 Bit        Muxes := 22    
	   8 Input    7 Bit        Muxes := 1     
	  25 Input    6 Bit        Muxes := 3     
	   2 Input    6 Bit        Muxes := 1     
	   8 Input    6 Bit        Muxes := 1     
	   2 Input    5 Bit        Muxes := 78    
	   3 Input    5 Bit        Muxes := 1     
	   6 Input    5 Bit        Muxes := 2     
	  10 Input    5 Bit        Muxes := 48    
	  11 Input    5 Bit        Muxes := 16    
	   2 Input    4 Bit        Muxes := 715   
	   4 Input    4 Bit        Muxes := 2     
	  12 Input    4 Bit        Muxes := 1     
	  22 Input    4 Bit        Muxes := 1     
	  25 Input    3 Bit        Muxes := 1     
	   2 Input    3 Bit        Muxes := 11    
	   4 Input    3 Bit        Muxes := 1     
	   2 Input    2 Bit        Muxes := 89    
	  25 Input    2 Bit        Muxes := 2     
	   5 Input    2 Bit        Muxes := 2     
	   4 Input    2 Bit        Muxes := 14    
	  25 Input    1 Bit        Muxes := 11    
	   2 Input    1 Bit        Muxes := 165   
	   3 Input    1 Bit        Muxes := 15    
	   4 Input    1 Bit        Muxes := 6     
	   6 Input    1 Bit        Muxes := 6     
	   5 Input    1 Bit        Muxes := 6     
	  12 Input    1 Bit        Muxes := 16    
	  16 Input    1 Bit        Muxes := 9     
	   9 Input    1 Bit        Muxes := 4     
---------------------------------------------------------------------------------
Finished RTL Component Statistics 
---------------------------------------------------------------------------------
---------------------------------------------------------------------------------
Start Part Resource Summary
---------------------------------------------------------------------------------
Part Resources:
DSPs: 120 (col length:60)
BRAMs: 150 (col length: RAMB18 60 RAMB36 30)
---------------------------------------------------------------------------------
Finished Part Resource Summary
---------------------------------------------------------------------------------
---------------------------------------------------------------------------------
Start Cross Boundary and Area Optimization
---------------------------------------------------------------------------------
WARNING: [Synth 8-7080] Parallel synthesis criteria is not met
DSP Report: Generating DSP yb_reg, operation Mode is: (A*(B:0x74))'.
DSP Report: register yb_reg is absorbed into DSP yb_reg.
DSP Report: operator yb0 is absorbed into DSP yb_reg.
DSP Report: Generating DSP y10, operation Mode is: PCIN+(A*(B:0x132))'.
DSP Report: register yr_reg is absorbed into DSP y10.
DSP Report: operator yr0 is absorbed into DSP y10.
DSP Report: operator y10 is absorbed into DSP y10.
DSP Report: Generating DSP y1_reg, operation Mode is: (PCIN+((A:0x259)*B)')'.
DSP Report: register y1_reg is absorbed into DSP y1_reg.
DSP Report: register yg_reg is absorbed into DSP y1_reg.
DSP Report: operator y10 is absorbed into DSP y1_reg.
DSP Report: operator yg0 is absorbed into DSP y1_reg.
DSP Report: Generating DSP crg_reg, operation Mode is: (A*(B:0x1ad))'.
DSP Report: register crg_reg is absorbed into DSP crg_reg.
DSP Report: operator crg0 is absorbed into DSP crg_reg.
DSP Report: Generating DSP crb_reg, operation Mode is: (A*(B:0x53))'.
DSP Report: register crb_reg is absorbed into DSP crb_reg.
DSP Report: operator crb0 is absorbed into DSP crb_reg.
DSP Report: Generating DSP cbr_reg, operation Mode is: (A*(B:0xad))'.
DSP Report: register cbr_reg is absorbed into DSP cbr_reg.
DSP Report: operator cbr0 is absorbed into DSP cbr_reg.
DSP Report: Generating DSP cbg_reg, operation Mode is: (A*(B:0x153))'.
DSP Report: register cbg_reg is absorbed into DSP cbg_reg.
DSP Report: operator cbg0 is absorbed into DSP cbg_reg.
WARNING: [Synth 8-3936] Found unconnected internal register 'h_inter_reg' and it is trimmed from '20' to '15' bits. [/home/fpga/worker_place/temp/temp/20b5fb0942ca4bf394788858962ed3c2/hdl/digits.sv:26]
DSP Report: Generating DSP h_inter1, operation Mode is: A*(B:0x290).
DSP Report: operator h_inter1 is absorbed into DSP h_inter1.
DSP Report: Generating DSP t_inter1, operation Mode is: A*(B:0xcd).
DSP Report: operator t_inter1 is absorbed into DSP t_inter1.
WARNING: [Synth 8-3936] Found unconnected internal register 'h_inter_reg' and it is trimmed from '20' to '15' bits. [/home/fpga/worker_place/temp/temp/20b5fb0942ca4bf394788858962ed3c2/hdl/digits.sv:26]
DSP Report: Generating DSP h_inter1, operation Mode is: A*(B:0x290).
DSP Report: operator h_inter1 is absorbed into DSP h_inter1.
DSP Report: Generating DSP t_inter1, operation Mode is: A*(B:0xcd).
DSP Report: operator t_inter1 is absorbed into DSP t_inter1.
DSP Report: Generating DSP sen_sprite_x0, operation Mode is: (C:0x320)+A*(B:0x18).
DSP Report: operator sen_sprite_x0 is absorbed into DSP sen_sprite_x0.
DSP Report: operator sen_sprite_x1 is absorbed into DSP sen_sprite_x0.
WARNING: [Synth 8-3917] design top_level has port rgb0[1] driven by constant 0
WARNING: [Synth 8-3917] design top_level has port rgb1[2] driven by constant 0
WARNING: [Synth 8-3917] design top_level has port rgb1[1] driven by constant 0
WARNING: [Synth 8-3917] design top_level has port rgb1[0] driven by constant 0
WARNING: [Synth 8-7129] Port led[5] in module top_level is either unconnected or has no load
WARNING: [Synth 8-7129] Port btn[3] in module top_level is either unconnected or has no load
WARNING: [Synth 8-7129] Port btn[1] in module top_level is either unconnected or has no load
INFO: [Synth 8-5784] Optimized 35 bits of RAM "gen_wr_a.gen_word_narrow.mem_reg" due to constant propagation. Old ram width 164 bits, new ram width 129 bits.
INFO: [Synth 8-5784] Optimized 35 bits of RAM "gen_wr_a.gen_word_narrow.mem_reg" due to constant propagation. Old ram width 164 bits, new ram width 129 bits.
WARNING: [Synth 8-6014] Unused sequential element frame_buffer/BRAM_reg was removed. 
WARNING: [Synth 8-3332] Sequential element (sccb_c/FSM_onehot_state_reg_reg[6]) is unused and will be removed from module camera_registers.
WARNING: [Synth 8-3332] Sequential element (sccb_c/FSM_onehot_state_reg_reg[5]) is unused and will be removed from module camera_registers.
WARNING: [Synth 8-3332] Sequential element (sccb_c/FSM_onehot_state_reg_reg[4]) is unused and will be removed from module camera_registers.
---------------------------------------------------------------------------------
Finished Cross Boundary and Area Optimization : Time (s): cpu = 00:00:29 ; elapsed = 00:00:29 . Memory (MB): peak = 2616.594 ; gain = 945.664 ; free physical = 18239 ; free virtual = 36640
---------------------------------------------------------------------------------
 Sort Area is top_level__GC0 yb_reg_0 : 0 0 : 162 685 : Used 1 time 0
 Sort Area is top_level__GC0 yb_reg_0 : 0 1 : 226 685 : Used 1 time 0
 Sort Area is top_level__GC0 yb_reg_0 : 0 2 : 297 685 : Used 1 time 0
 Sort Area is top_level__GC0 t_inter1_c : 0 0 : 422 422 : Used 1 time 0
 Sort Area is top_level__GC0 t_inter1_f : 0 0 : 422 422 : Used 1 time 0
 Sort Area is top_level__GC0 cbg_reg_7 : 0 0 : 345 345 : Used 1 time 0
 Sort Area is top_level__GC0 crg_reg_5 : 0 0 : 345 345 : Used 1 time 0
 Sort Area is top_level__GC0 cbr_reg_8 : 0 0 : 225 225 : Used 1 time 0
 Sort Area is top_level__GC0 crb_reg_4 : 0 0 : 162 162 : Used 1 time 0
 Sort Area is top_level__GC0 h_inter1_a : 0 0 : 87 87 : Used 1 time 0
 Sort Area is top_level__GC0 h_inter1_e : 0 0 : 87 87 : Used 1 time 0
 Sort Area is top_level__GC0 sen_sprite_x0_10 : 0 0 : 70 70 : Used 1 time 0
---------------------------------------------------------------------------------
Start ROM, RAM, DSP, Shift Register and Retiming Reporting
---------------------------------------------------------------------------------

ROM: Preliminary Mapping Report
+------------+------------+---------------+----------------+
|Module Name | RTL Object | Depth x Width | Implemented As | 
+------------+------------+---------------+----------------+
|word_sprite | camera     | 32x4          | LUT            | 
|word_sprite | sensor     | 32x4          | LUT            | 
|word_sprite | camera     | 32x4          | LUT            | 
|word_sprite | sensor     | 32x4          | LUT            | 
+------------+------------+---------------+----------------+


Block RAM: Preliminary Mapping Report (see note below)
+----------------------------------------------------------------------------------------------------------+----------------------------------+------------------------+---+---+------------------------+---+---+------------------+--------+--------+
|Module Name                                                                                               | RTL Object                       | PORT A (Depth x Width) | W | R | PORT B (Depth x Width) | W | R | Ports driving FF | RAMB18 | RAMB36 | 
+----------------------------------------------------------------------------------------------------------+----------------------------------+------------------------+---+---+------------------------+---+---+------------------+--------+--------+
|highdef_fb/i_0/\camera_data_fifo/xpm_fifo_axis_inst /xpm_fifo_base_inst/\gen_sdpram.xpm_memory_base_inst  | gen_wr_a.gen_word_narrow.mem_reg | 128 x 164(NO_CHANGE)   | W |   | 128 x 164(WRITE_FIRST) |   | R | Port A and B     | 0      | 2      | 
|highdef_fb/i_0/\pdfifo/xpm_fifo_axis_inst /xpm_fifo_base_inst/\gen_sdpram.xpm_memory_base_inst            | gen_wr_a.gen_word_narrow.mem_reg | 128 x 164(NO_CHANGE)   | W |   | 128 x 164(WRITE_FIRST) |   | R | Port A and B     | 0      | 2      | 
|top_level                                                                                                 | frame_buffer/BRAM_reg            | 56 K x 16(NO_CHANGE)   | W |   | 56 K x 16(WRITE_FIRST) |   | R | Port A and B     | 0      | 32     | 
|xilinx_single_port_ram_read_first:                                                                        | BRAM_reg                         | 256 x 24(READ_FIRST)   | W | R |                        |   |   | Port A           | 1      | 0      | 
+----------------------------------------------------------------------------------------------------------+----------------------------------+------------------------+---+---+------------------------+---+---+------------------+--------+--------+

Note: The table above is a preliminary report that shows the Block RAMs at the current stage of the synthesis flow. Some Block RAMs may be reimplemented as non Block RAM primitives later in the synthesis flow. Multiple instantiated Block RAMs are reported only once. 

Distributed RAM: Preliminary Mapping Report (see note below)
+------------+-------------------------------------+-----------+----------------------+-------------+
|Module Name | RTL Object                          | Inference | Size (Depth x Width) | Primitives  | 
+------------+-------------------------------------+-----------+----------------------+-------------+
|highdef_fb  | traffic_generator_inst/mcf/fifo_reg | Implied   | 64 x 25              | RAM64M x 9  | 
+------------+-------------------------------------+-----------+----------------------+-------------+

Note: The table above is a preliminary report that shows the Distributed RAMs at the current stage of the synthesis flow. Some Distributed RAMs may be reimplemented as non Distributed RAM primitives later in the synthesis flow. Multiple instantiated RAMs are reported only once.

DSP: Preliminary Mapping Report (see note below. The ' indicates corresponding REG is set)
+-------------+------------------------+--------+--------+--------+--------+--------+------+------+------+------+-------+------+------+
|Module Name  | DSP Mapping            | A Size | B Size | C Size | D Size | P Size | AREG | BREG | CREG | DREG | ADREG | MREG | PREG | 
+-------------+------------------------+--------+--------+--------+--------+--------+------+------+------+------+-------+------+------+
|rgb_to_ycrcb | (A*(B:0x74))'          | 10     | 7      | -      | -      | 17     | 0    | 0    | -    | -    | -     | 1    | 0    | 
|rgb_to_ycrcb | PCIN+(A*(B:0x132))'    | 10     | 9      | -      | -      | 20     | 0    | 0    | -    | -    | -     | 1    | 0    | 
|rgb_to_ycrcb | (PCIN+((A:0x259)*B)')' | 10     | 10     | -      | -      | 20     | 0    | 0    | -    | -    | -     | 1    | 1    | 
|rgb_to_ycrcb | (A*(B:0x1ad))'         | 10     | 9      | -      | -      | 19     | 0    | 0    | -    | -    | -     | 1    | 0    | 
|rgb_to_ycrcb | (A*(B:0x53))'          | 10     | 7      | -      | -      | 17     | 0    | 0    | -    | -    | -     | 1    | 0    | 
|rgb_to_ycrcb | (A*(B:0xad))'          | 10     | 8      | -      | -      | 18     | 0    | 0    | -    | -    | -     | 1    | 0    | 
|rgb_to_ycrcb | (A*(B:0x153))'         | 10     | 9      | -      | -      | 19     | 0    | 0    | -    | -    | -     | 1    | 0    | 
|digits       | A*(B:0x290)            | 10     | 10     | -      | -      | 20     | 0    | 0    | -    | -    | -     | 0    | 0    | 
|digits       | A*(B:0xcd)             | 15     | 8      | -      | -      | 23     | 0    | 0    | -    | -    | -     | 0    | 0    | 
|digits       | A*(B:0x290)            | 10     | 10     | -      | -      | 20     | 0    | 0    | -    | -    | -     | 0    | 0    | 
|digits       | A*(B:0xcd)             | 15     | 8      | -      | -      | 23     | 0    | 0    | -    | -    | -     | 0    | 0    | 
|word_sprite  | (C:0x320)+A*(B:0x18)   | 11     | 5      | 10     | -      | 11     | 0    | 0    | 0    | -    | -     | 0    | 0    | 
+-------------+------------------------+--------+--------+--------+--------+--------+------+------+------+------+-------+------+------+

Note: The table above is a preliminary report that shows the DSPs inferred at the current stage of the synthesis flow. Some DSP may be reimplemented as non DSP primitives later in the synthesis flow. Multiple instantiated DSPs are reported only once.
---------------------------------------------------------------------------------
Finished ROM, RAM, DSP, Shift Register and Retiming Reporting
---------------------------------------------------------------------------------
---------------------------------------------------------------------------------
Start Applying XDC Timing Constraints
---------------------------------------------------------------------------------
---------------------------------------------------------------------------------
Finished Applying XDC Timing Constraints : Time (s): cpu = 00:00:32 ; elapsed = 00:00:33 . Memory (MB): peak = 2616.594 ; gain = 945.664 ; free physical = 18242 ; free virtual = 36643
---------------------------------------------------------------------------------
---------------------------------------------------------------------------------
Start Timing Optimization
---------------------------------------------------------------------------------
---------------------------------------------------------------------------------
Finished Timing Optimization : Time (s): cpu = 00:00:33 ; elapsed = 00:00:34 . Memory (MB): peak = 2616.594 ; gain = 945.664 ; free physical = 18242 ; free virtual = 36643
---------------------------------------------------------------------------------
---------------------------------------------------------------------------------
Start ROM, RAM, DSP, Shift Register and Retiming Reporting
---------------------------------------------------------------------------------

Block RAM: Final Mapping Report
+----------------------------------------------------------------------------------------------------------+----------------------------------+------------------------+---+---+------------------------+---+---+------------------+--------+--------+
|Module Name                                                                                               | RTL Object                       | PORT A (Depth x Width) | W | R | PORT B (Depth x Width) | W | R | Ports driving FF | RAMB18 | RAMB36 | 
+----------------------------------------------------------------------------------------------------------+----------------------------------+------------------------+---+---+------------------------+---+---+------------------+--------+--------+
|highdef_fb/i_0/\camera_data_fifo/xpm_fifo_axis_inst /xpm_fifo_base_inst/\gen_sdpram.xpm_memory_base_inst  | gen_wr_a.gen_word_narrow.mem_reg | 128 x 164(NO_CHANGE)   | W |   | 128 x 164(WRITE_FIRST) |   | R | Port A and B     | 0      | 2      | 
|highdef_fb/i_0/\pdfifo/xpm_fifo_axis_inst /xpm_fifo_base_inst/\gen_sdpram.xpm_memory_base_inst            | gen_wr_a.gen_word_narrow.mem_reg | 128 x 164(NO_CHANGE)   | W |   | 128 x 164(WRITE_FIRST) |   | R | Port A and B     | 0      | 2      | 
|top_level                                                                                                 | frame_buffer/BRAM_reg            | 56 K x 16(NO_CHANGE)   | W |   | 56 K x 16(WRITE_FIRST) |   | R | Port A and B     | 0      | 32     | 
|xilinx_single_port_ram_read_first:                                                                        | BRAM_reg                         | 256 x 24(READ_FIRST)   | W | R |                        |   |   | Port A           | 1      | 0      | 
+----------------------------------------------------------------------------------------------------------+----------------------------------+------------------------+---+---+------------------------+---+---+------------------+--------+--------+


Distributed RAM: Final Mapping Report
+------------+-------------------------------------+-----------+----------------------+-------------+
|Module Name | RTL Object                          | Inference | Size (Depth x Width) | Primitives  | 
+------------+-------------------------------------+-----------+----------------------+-------------+
|highdef_fb  | traffic_generator_inst/mcf/fifo_reg | Implied   | 64 x 25              | RAM64M x 9  | 
+------------+-------------------------------------+-----------+----------------------+-------------+

---------------------------------------------------------------------------------
Finished ROM, RAM, DSP, Shift Register and Retiming Reporting
---------------------------------------------------------------------------------
---------------------------------------------------------------------------------
Start Technology Mapping
---------------------------------------------------------------------------------
---------------------------------------------------------------------------------
Finished Technology Mapping : Time (s): cpu = 00:00:35 ; elapsed = 00:00:36 . Memory (MB): peak = 2616.594 ; gain = 945.664 ; free physical = 18243 ; free virtual = 36644
---------------------------------------------------------------------------------
---------------------------------------------------------------------------------
Start IO Insertion
---------------------------------------------------------------------------------
---------------------------------------------------------------------------------
Start Flattening Before IO Insertion
---------------------------------------------------------------------------------
---------------------------------------------------------------------------------
Finished Flattening Before IO Insertion
---------------------------------------------------------------------------------
---------------------------------------------------------------------------------
Start Final Netlist Cleanup
---------------------------------------------------------------------------------
---------------------------------------------------------------------------------
Finished Final Netlist Cleanup
---------------------------------------------------------------------------------
---------------------------------------------------------------------------------
Finished IO Insertion : Time (s): cpu = 00:00:37 ; elapsed = 00:00:38 . Memory (MB): peak = 2716.406 ; gain = 1045.477 ; free physical = 18165 ; free virtual = 36566
---------------------------------------------------------------------------------
---------------------------------------------------------------------------------
Start Renaming Generated Instances
---------------------------------------------------------------------------------
---------------------------------------------------------------------------------
Finished Renaming Generated Instances : Time (s): cpu = 00:00:37 ; elapsed = 00:00:38 . Memory (MB): peak = 2716.406 ; gain = 1045.477 ; free physical = 18165 ; free virtual = 36566
---------------------------------------------------------------------------------
---------------------------------------------------------------------------------
Start Rebuilding User Hierarchy
---------------------------------------------------------------------------------
---------------------------------------------------------------------------------
Finished Rebuilding User Hierarchy : Time (s): cpu = 00:00:37 ; elapsed = 00:00:38 . Memory (MB): peak = 2716.406 ; gain = 1045.477 ; free physical = 18157 ; free virtual = 36558
---------------------------------------------------------------------------------
---------------------------------------------------------------------------------
Start Renaming Generated Ports
---------------------------------------------------------------------------------
---------------------------------------------------------------------------------
Finished Renaming Generated Ports : Time (s): cpu = 00:00:37 ; elapsed = 00:00:38 . Memory (MB): peak = 2716.406 ; gain = 1045.477 ; free physical = 18157 ; free virtual = 36558
---------------------------------------------------------------------------------
---------------------------------------------------------------------------------
Start Handling Custom Attributes
---------------------------------------------------------------------------------
---------------------------------------------------------------------------------
Finished Handling Custom Attributes : Time (s): cpu = 00:00:37 ; elapsed = 00:00:38 . Memory (MB): peak = 2716.406 ; gain = 1045.477 ; free physical = 18157 ; free virtual = 36558
---------------------------------------------------------------------------------
---------------------------------------------------------------------------------
Start Renaming Generated Nets
---------------------------------------------------------------------------------
---------------------------------------------------------------------------------
Finished Renaming Generated Nets : Time (s): cpu = 00:00:37 ; elapsed = 00:00:38 . Memory (MB): peak = 2716.406 ; gain = 1045.477 ; free physical = 18157 ; free virtual = 36558
---------------------------------------------------------------------------------
---------------------------------------------------------------------------------
Start Writing Synthesis Report
---------------------------------------------------------------------------------

DSP Final Report (the ' indicates corresponding REG is set)
+-------------+-----------------+--------+--------+--------+--------+--------+------+------+------+------+-------+------+------+
|Module Name  | DSP Mapping     | A Size | B Size | C Size | D Size | P Size | AREG | BREG | CREG | DREG | ADREG | MREG | PREG | 
+-------------+-----------------+--------+--------+--------+--------+--------+------+------+------+------+-------+------+------+
|rgb_to_ycrcb | (A'*B)'         | 8      | 7      | -      | -      | 17     | 1    | 0    | -    | -    | -     | 0    | 1    | 
|rgb_to_ycrcb | PCIN+(A'*B)'    | 8      | 9      | -      | -      | 20     | 1    | 0    | -    | -    | -     | 1    | 0    | 
|rgb_to_ycrcb | (PCIN+(A*B')')' | 10     | 8      | -      | -      | 20     | 0    | 1    | -    | -    | -     | 1    | 1    | 
|rgb_to_ycrcb | (A'*B)'         | 8      | 9      | -      | -      | 19     | 1    | 0    | -    | -    | -     | 0    | 1    | 
|rgb_to_ycrcb | (A'*B)'         | 8      | 7      | -      | -      | 17     | 1    | 0    | -    | -    | -     | 0    | 1    | 
|rgb_to_ycrcb | (A'*B)'         | 8      | 8      | -      | -      | 18     | 1    | 0    | -    | -    | -     | 0    | 1    | 
|rgb_to_ycrcb | (A'*B)'         | 8      | 9      | -      | -      | 19     | 1    | 0    | -    | -    | -     | 0    | 1    | 
|word_sprite  | C+A*B           | 11     | 5      | 10     | -      | 11     | 0    | 0    | 0    | -    | -     | 0    | 0    | 
|digits       | (A*B)'          | 7      | 10     | -      | -      | 20     | 0    | 0    | -    | -    | -     | 0    | 1    | 
|digits       | (A*B)'          | 15     | 8      | -      | -      | 23     | 0    | 0    | -    | -    | -     | 0    | 1    | 
|digits       | (A*B)'          | 7      | 10     | -      | -      | 20     | 0    | 0    | -    | -    | -     | 0    | 1    | 
|digits       | (A*B)'          | 15     | 8      | -      | -      | 23     | 0    | 0    | -    | -    | -     | 0    | 1    | 
+-------------+-----------------+--------+--------+--------+--------+--------+------+------+------+------+-------+------+------+


Report BlackBoxes: 
+-+--------------+----------+
| |BlackBox name |Instances |
+-+--------------+----------+
+-+--------------+----------+

Report Cell Usage: 
+------+-----------+------+
|      |Cell       |Count |
+------+-----------+------+
|1     |BUFG       |    10|
|2     |CARRY4     |   347|
|3     |DSP48E1    |    12|
|8     |IDELAYCTRL |     1|
|9     |IDELAYE2   |    18|
|11    |ISERDESE2  |    18|
|12    |LUT1       |   473|
|13    |LUT2       |   709|
|14    |LUT3       |   992|
|15    |LUT4       |   653|
|16    |LUT5       |  1046|
|17    |LUT6       |  1848|
|18    |MMCME2_ADV |     2|
|19    |MUXF7      |   151|
|20    |MUXF8      |     5|
|21    |OSERDESE2  |    50|
|26    |RAM64M     |     8|
|27    |RAM64X1D   |     1|
|28    |RAMB18E1   |     1|
|29    |RAMB36E1   |    36|
|32    |FDRE       |  3675|
|33    |FDSE       |    79|
|34    |IBUF       |    31|
|35    |IOBUF      |    18|
|36    |IOBUFDS    |     2|
|37    |OBUF       |    69|
|38    |OBUFDS     |     5|
|39    |OBUFT      |     1|
+------+-----------+------+
---------------------------------------------------------------------------------
Finished Writing Synthesis Report : Time (s): cpu = 00:00:37 ; elapsed = 00:00:38 . Memory (MB): peak = 2716.406 ; gain = 1045.477 ; free physical = 18157 ; free virtual = 36558
---------------------------------------------------------------------------------
Synthesis finished with 0 errors, 0 critical warnings and 19 warnings.
Synthesis Optimization Runtime : Time (s): cpu = 00:00:36 ; elapsed = 00:00:37 . Memory (MB): peak = 2716.406 ; gain = 940.008 ; free physical = 18157 ; free virtual = 36558
Synthesis Optimization Complete : Time (s): cpu = 00:00:37 ; elapsed = 00:00:38 . Memory (MB): peak = 2716.414 ; gain = 1045.477 ; free physical = 18158 ; free virtual = 36558
INFO: [Project 1-571] Translating synthesized netlist
Netlist sorting complete. Time (s): cpu = 00:00:00.04 ; elapsed = 00:00:00.04 . Memory (MB): peak = 2716.414 ; gain = 0.000 ; free physical = 18327 ; free virtual = 36728
INFO: [Netlist 29-17] Analyzing 624 Unisim elements for replacement
INFO: [Netlist 29-28] Unisim Transformation completed in 0 CPU seconds
INFO: [Project 1-570] Preparing netlist for logic optimization
WARNING: [Opt 31-32] Removing redundant IBUF since it is not being driven by a top-level port. wizard_hdmi/clkin1_ibufg 
Resolution: The tool has removed redundant IBUF. To resolve this warning, check for redundant IBUF in the input design.
Parsing XDC File [/home/fpga/worker_place/temp/temp/20b5fb0942ca4bf394788858962ed3c2/xdc/top_level.xdc]
INFO: [Timing 38-35] Done setting XDC timing constraints. [/home/fpga/worker_place/temp/temp/20b5fb0942ca4bf394788858962ed3c2/xdc/top_level.xdc:46]
INFO: [Timing 38-2] Deriving generated clocks [/home/fpga/worker_place/temp/temp/20b5fb0942ca4bf394788858962ed3c2/xdc/top_level.xdc:46]
Finished Parsing XDC File [/home/fpga/worker_place/temp/temp/20b5fb0942ca4bf394788858962ed3c2/xdc/top_level.xdc]
INFO: [Opt 31-47] Cell absorbed into downstream logic: LUT1 cell highdef_fb/OBUFDS_inst_i_1 driving pin highdef_fb/ddr3_top/ddr3_phy_inst/genblk7[0].OSERDESE2_dqs/CLK of highdef_fb/ddr3_top/ddr3_phy_inst/genblk7[0].OSERDESE2_dqs.
INFO: [Opt 31-47] Cell absorbed into downstream logic: LUT1 cell highdef_fb/OBUFDS_inst_i_1 driving pin highdef_fb/ddr3_top/ddr3_phy_inst/genblk7[1].OSERDESE2_dqs/CLK of highdef_fb/ddr3_top/ddr3_phy_inst/genblk7[1].OSERDESE2_dqs.
INFO: [Opt 31-47] Cell absorbed into downstream logic: LUT1 cell highdef_fb/OBUFDS_inst_i_1 driving pin highdef_fb/ddr3_top/ddr3_phy_inst/genblk5[0].ISERDESE2_data/CLKB of highdef_fb/ddr3_top/ddr3_phy_inst/genblk5[0].ISERDESE2_data.
INFO: [Opt 31-47] Cell absorbed into downstream logic: LUT1 cell highdef_fb/OBUFDS_inst_i_1 driving pin highdef_fb/ddr3_top/ddr3_phy_inst/genblk5[10].ISERDESE2_data/CLKB of highdef_fb/ddr3_top/ddr3_phy_inst/genblk5[10].ISERDESE2_data.
INFO: [Opt 31-47] Cell absorbed into downstream logic: LUT1 cell highdef_fb/OBUFDS_inst_i_1 driving pin highdef_fb/ddr3_top/ddr3_phy_inst/genblk5[11].ISERDESE2_data/CLKB of highdef_fb/ddr3_top/ddr3_phy_inst/genblk5[11].ISERDESE2_data.
INFO: [Opt 31-47] Cell absorbed into downstream logic: LUT1 cell highdef_fb/OBUFDS_inst_i_1 driving pin highdef_fb/ddr3_top/ddr3_phy_inst/genblk5[12].ISERDESE2_data/CLKB of highdef_fb/ddr3_top/ddr3_phy_inst/genblk5[12].ISERDESE2_data.
INFO: [Opt 31-47] Cell absorbed into downstream logic: LUT1 cell highdef_fb/OBUFDS_inst_i_1 driving pin highdef_fb/ddr3_top/ddr3_phy_inst/genblk5[13].ISERDESE2_data/CLKB of highdef_fb/ddr3_top/ddr3_phy_inst/genblk5[13].ISERDESE2_data.
INFO: [Opt 31-47] Cell absorbed into downstream logic: LUT1 cell highdef_fb/OBUFDS_inst_i_1 driving pin highdef_fb/ddr3_top/ddr3_phy_inst/genblk5[14].ISERDESE2_data/CLKB of highdef_fb/ddr3_top/ddr3_phy_inst/genblk5[14].ISERDESE2_data.
INFO: [Opt 31-47] Cell absorbed into downstream logic: LUT1 cell highdef_fb/OBUFDS_inst_i_1 driving pin highdef_fb/ddr3_top/ddr3_phy_inst/genblk5[15].ISERDESE2_data/CLKB of highdef_fb/ddr3_top/ddr3_phy_inst/genblk5[15].ISERDESE2_data.
INFO: [Opt 31-47] Cell absorbed into downstream logic: LUT1 cell highdef_fb/OBUFDS_inst_i_1 driving pin highdef_fb/ddr3_top/ddr3_phy_inst/genblk5[1].ISERDESE2_data/CLKB of highdef_fb/ddr3_top/ddr3_phy_inst/genblk5[1].ISERDESE2_data.
INFO: [Opt 31-47] Cell absorbed into downstream logic: LUT1 cell highdef_fb/OBUFDS_inst_i_1 driving pin highdef_fb/ddr3_top/ddr3_phy_inst/genblk5[2].ISERDESE2_data/CLKB of highdef_fb/ddr3_top/ddr3_phy_inst/genblk5[2].ISERDESE2_data.
INFO: [Opt 31-47] Cell absorbed into downstream logic: LUT1 cell highdef_fb/OBUFDS_inst_i_1 driving pin highdef_fb/ddr3_top/ddr3_phy_inst/genblk5[3].ISERDESE2_data/CLKB of highdef_fb/ddr3_top/ddr3_phy_inst/genblk5[3].ISERDESE2_data.
INFO: [Opt 31-47] Cell absorbed into downstream logic: LUT1 cell highdef_fb/OBUFDS_inst_i_1 driving pin highdef_fb/ddr3_top/ddr3_phy_inst/genblk5[4].ISERDESE2_data/CLKB of highdef_fb/ddr3_top/ddr3_phy_inst/genblk5[4].ISERDESE2_data.
INFO: [Opt 31-47] Cell absorbed into downstream logic: LUT1 cell highdef_fb/OBUFDS_inst_i_1 driving pin highdef_fb/ddr3_top/ddr3_phy_inst/genblk5[5].ISERDESE2_data/CLKB of highdef_fb/ddr3_top/ddr3_phy_inst/genblk5[5].ISERDESE2_data.
INFO: [Opt 31-47] Cell absorbed into downstream logic: LUT1 cell highdef_fb/OBUFDS_inst_i_1 driving pin highdef_fb/ddr3_top/ddr3_phy_inst/genblk5[6].ISERDESE2_data/CLKB of highdef_fb/ddr3_top/ddr3_phy_inst/genblk5[6].ISERDESE2_data.
INFO: [Opt 31-47] Cell absorbed into downstream logic: LUT1 cell highdef_fb/OBUFDS_inst_i_1 driving pin highdef_fb/ddr3_top/ddr3_phy_inst/genblk5[7].ISERDESE2_data/CLKB of highdef_fb/ddr3_top/ddr3_phy_inst/genblk5[7].ISERDESE2_data.
INFO: [Opt 31-47] Cell absorbed into downstream logic: LUT1 cell highdef_fb/OBUFDS_inst_i_1 driving pin highdef_fb/ddr3_top/ddr3_phy_inst/genblk5[8].ISERDESE2_data/CLKB of highdef_fb/ddr3_top/ddr3_phy_inst/genblk5[8].ISERDESE2_data.
INFO: [Opt 31-47] Cell absorbed into downstream logic: LUT1 cell highdef_fb/OBUFDS_inst_i_1 driving pin highdef_fb/ddr3_top/ddr3_phy_inst/genblk5[9].ISERDESE2_data/CLKB of highdef_fb/ddr3_top/ddr3_phy_inst/genblk5[9].ISERDESE2_data.
INFO: [Opt 31-47] Cell absorbed into downstream logic: LUT1 cell highdef_fb/OBUFDS_inst_i_1 driving pin highdef_fb/ddr3_top/ddr3_phy_inst/genblk7[0].ISERDESE2_dqs/CLKB of highdef_fb/ddr3_top/ddr3_phy_inst/genblk7[0].ISERDESE2_dqs.
INFO: [Opt 31-47] Cell absorbed into downstream logic: LUT1 cell highdef_fb/OBUFDS_inst_i_1 driving pin highdef_fb/ddr3_top/ddr3_phy_inst/genblk7[1].ISERDESE2_dqs/CLKB of highdef_fb/ddr3_top/ddr3_phy_inst/genblk7[1].ISERDESE2_dqs.
INFO: [Opt 31-138] Pushed 1 inverter(s) to 20 load pin(s).
INFO: [Opt 31-229] Successfully replaced instance highdef_fb/ddr3_top/ddr3_phy_inst/genblk5[10].ISERDESE2_data at LOC ILOGIC_X1Y27,ISERDESE2.ISERDESE2
INFO: [Opt 31-229] Successfully replaced instance highdef_fb/ddr3_top/ddr3_phy_inst/genblk5[11].ISERDESE2_data at LOC ILOGIC_X1Y33,ISERDESE2.ISERDESE2
INFO: [Opt 31-229] Successfully replaced instance highdef_fb/ddr3_top/ddr3_phy_inst/genblk7[1].ISERDESE2_dqs at LOC ILOGIC_X1Y32,ISERDESE2.ISERDESE2
INFO: [Opt 31-229] Successfully replaced instance highdef_fb/ddr3_top/ddr3_phy_inst/genblk7[1].OSERDESE2_dqs at LOC OLOGIC_X1Y32,OSERDESE2.OSERDESE2
INFO: [Opt 31-229] Successfully replaced instance highdef_fb/ddr3_top/ddr3_phy_inst/genblk5[7].ISERDESE2_data at LOC ILOGIC_X1Y42,ISERDESE2.ISERDESE2
INFO: [Opt 31-229] Successfully replaced instance highdef_fb/ddr3_top/ddr3_phy_inst/genblk5[9].ISERDESE2_data at LOC ILOGIC_X1Y34,ISERDESE2.ISERDESE2
INFO: [Opt 31-229] Successfully replaced instance highdef_fb/ddr3_top/ddr3_phy_inst/genblk5[1].ISERDESE2_data at LOC ILOGIC_X1Y39,ISERDESE2.ISERDESE2
INFO: [Opt 31-229] Successfully replaced instance highdef_fb/ddr3_top/ddr3_phy_inst/genblk5[0].ISERDESE2_data at LOC ILOGIC_X1Y45,ISERDESE2.ISERDESE2
INFO: [Opt 31-229] Successfully replaced instance highdef_fb/ddr3_top/ddr3_phy_inst/genblk5[8].ISERDESE2_data at LOC ILOGIC_X1Y30,ISERDESE2.ISERDESE2
INFO: [Opt 31-229] Successfully replaced instance highdef_fb/ddr3_top/ddr3_phy_inst/genblk7[0].OSERDESE2_dqs at LOC OLOGIC_X1Y44,OSERDESE2.OSERDESE2
INFO: [Opt 31-229] Successfully replaced instance highdef_fb/ddr3_top/ddr3_phy_inst/genblk5[4].ISERDESE2_data at LOC ILOGIC_X1Y41,ISERDESE2.ISERDESE2
INFO: [Opt 31-229] Successfully replaced instance highdef_fb/ddr3_top/ddr3_phy_inst/genblk5[2].ISERDESE2_data at LOC ILOGIC_X1Y46,ISERDESE2.ISERDESE2
INFO: [Opt 31-229] Successfully replaced instance highdef_fb/ddr3_top/ddr3_phy_inst/genblk5[3].ISERDESE2_data at LOC ILOGIC_X1Y40,ISERDESE2.ISERDESE2
INFO: [Opt 31-229] Successfully replaced instance highdef_fb/ddr3_top/ddr3_phy_inst/genblk5[15].ISERDESE2_data at LOC ILOGIC_X1Y35,ISERDESE2.ISERDESE2
INFO: [Opt 31-229] Successfully replaced instance highdef_fb/ddr3_top/ddr3_phy_inst/genblk5[5].ISERDESE2_data at LOC ILOGIC_X1Y38,ISERDESE2.ISERDESE2
INFO: [Opt 31-229] Successfully replaced instance highdef_fb/ddr3_top/ddr3_phy_inst/genblk7[0].ISERDESE2_dqs at LOC ILOGIC_X1Y44,ISERDESE2.ISERDESE2
INFO: [Opt 31-229] Successfully replaced instance highdef_fb/ddr3_top/ddr3_phy_inst/genblk5[6].ISERDESE2_data at LOC ILOGIC_X1Y47,ISERDESE2.ISERDESE2
INFO: [Opt 31-229] Successfully replaced instance highdef_fb/ddr3_top/ddr3_phy_inst/genblk5[13].ISERDESE2_data at LOC ILOGIC_X1Y29,ISERDESE2.ISERDESE2
INFO: [Opt 31-229] Successfully replaced instance highdef_fb/ddr3_top/ddr3_phy_inst/genblk5[14].ISERDESE2_data at LOC ILOGIC_X1Y28,ISERDESE2.ISERDESE2
INFO: [Opt 31-229] Successfully replaced instance highdef_fb/ddr3_top/ddr3_phy_inst/genblk5[12].ISERDESE2_data at LOC ILOGIC_X1Y26,ISERDESE2.ISERDESE2
Netlist sorting complete. Time (s): cpu = 00:00:00 ; elapsed = 00:00:00 . Memory (MB): peak = 3106.223 ; gain = 0.000 ; free physical = 18043 ; free virtual = 36443
INFO: [Project 1-111] Unisim Transformation Summary:
  A total of 34 instances were transformed.
  IOBUF => IOBUF (IBUF, OBUFT): 18 instances
  IOBUFDS => IOBUFDS (IBUFDS, INV, OBUFTDS(x2)): 2 instances
  OBUFDS => OBUFDS: 4 instances
  OBUFDS => OBUFDS_DUAL_BUF (INV, OBUFDS(x2)): 1 instance 
  RAM64M => RAM64M (RAMD64E(x4)): 8 instances
  RAM64X1D => RAM64X1D (RAMD64E(x2)): 1 instance 

Synth Design complete | Checksum: d9625dca
INFO: [Common 17-83] Releasing license: Synthesis
297 Infos, 378 Warnings, 0 Critical Warnings and 0 Errors encountered.
synth_design completed successfully
synth_design: Time (s): cpu = 00:00:45 ; elapsed = 00:00:44 . Memory (MB): peak = 3106.258 ; gain = 1586.547 ; free physical = 18043 ; free virtual = 36443
INFO: [Common 17-2834] synth_design peak Physical Memory [PSS] (MB): overall = 2454.080; main = 2454.080; forked = 333.979
INFO: [Common 17-2834] synth_design peak Virtual Memory [VSS] (MB): overall = 3580.445; main = 3106.227; forked = 963.848
# report_timing_summary -file $outputDir/post_synth_timing_summary.rpt
INFO: [Timing 38-35] Done setting XDC timing constraints.
INFO: [Timing 38-91] UpdateTimingParams: Speed grade: -1, Delay Type: min_max.
INFO: [Timing 38-191] Multithreading enabled for timing update using a maximum of 4 CPUs
# report_utilization -file $outputDir/post_synth_util.rpt -hierarchical -hierarchical_depth 4 -hierarchical_min_primitive_count 0
# report_timing -file $outputDir/post_synth_timing.rpt
INFO: [Timing 38-91] UpdateTimingParams: Speed grade: -1, Delay Type: max.
INFO: [Timing 38-191] Multithreading enabled for timing update using a maximum of 4 CPUs
INFO: [Timing 38-78] ReportTimingParams: -max_paths 1 -nworst 1 -delay_type max -sort_by slack.
# opt_design
Command: opt_design
Attempting to get a license for feature 'Implementation' and/or device 'xc7s50'
INFO: [Common 17-349] Got license for feature 'Implementation' and/or device 'xc7s50'
Running DRC as a precondition to command opt_design

Starting DRC Task
INFO: [DRC 23-27] Running DRC with 4 threads
INFO: [Project 1-461] DRC finished with 0 Errors
INFO: [Project 1-462] Please refer to the DRC report (report_drc) for more information.

Time (s): cpu = 00:00:01 ; elapsed = 00:00:00.44 . Memory (MB): peak = 3106.258 ; gain = 0.000 ; free physical = 18028 ; free virtual = 36429

Starting Cache Timing Information Task
Ending Cache Timing Information Task | Checksum: 2ac3ad4e4

Time (s): cpu = 00:00:00.01 ; elapsed = 00:00:00 . Memory (MB): peak = 3106.258 ; gain = 0.000 ; free physical = 18028 ; free virtual = 36429

Starting Logic Optimization Task

Phase 1 Initialization

Phase 1.1 Core Generation And Design Setup
Phase 1.1 Core Generation And Design Setup | Checksum: 2ac3ad4e4

Time (s): cpu = 00:00:00.01 ; elapsed = 00:00:00.01 . Memory (MB): peak = 3125.035 ; gain = 0.000 ; free physical = 17942 ; free virtual = 36343

Phase 1.2 Setup Constraints And Sort Netlist
Phase 1.2 Setup Constraints And Sort Netlist | Checksum: 2ac3ad4e4

Time (s): cpu = 00:00:00.01 ; elapsed = 00:00:00.01 . Memory (MB): peak = 3125.035 ; gain = 0.000 ; free physical = 17942 ; free virtual = 36343
Phase 1 Initialization | Checksum: 2ac3ad4e4

Time (s): cpu = 00:00:00.02 ; elapsed = 00:00:00.01 . Memory (MB): peak = 3125.035 ; gain = 0.000 ; free physical = 17942 ; free virtual = 36343

Phase 2 Timer Update And Timing Data Collection

Phase 2.1 Timer Update
Phase 2.1 Timer Update | Checksum: 2ac3ad4e4

Time (s): cpu = 00:00:00.24 ; elapsed = 00:00:00.09 . Memory (MB): peak = 3125.035 ; gain = 0.000 ; free physical = 17942 ; free virtual = 36343

Phase 2.2 Timing Data Collection
Phase 2.2 Timing Data Collection | Checksum: 2ac3ad4e4

Time (s): cpu = 00:00:00.25 ; elapsed = 00:00:00.1 . Memory (MB): peak = 3125.035 ; gain = 0.000 ; free physical = 17942 ; free virtual = 36343
Phase 2 Timer Update And Timing Data Collection | Checksum: 2ac3ad4e4

Time (s): cpu = 00:00:00.25 ; elapsed = 00:00:00.1 . Memory (MB): peak = 3125.035 ; gain = 0.000 ; free physical = 17942 ; free virtual = 36343

Phase 3 Retarget
INFO: [Opt 31-1851] Number of loadless carry chains removed were: 0
INFO: [Opt 31-1834] Total Chains To Be Transformed Were: 0 AND Number of Transformed insts Created are: 0
INFO: [Opt 31-1566] Pulled 12 inverters resulting in an inversion of 37 pins
INFO: [Opt 31-138] Pushed 0 inverter(s) to 0 load pin(s).
INFO: [Opt 31-49] Retargeted 0 cell(s).
Phase 3 Retarget | Checksum: 1c6a81663

Time (s): cpu = 00:00:00.35 ; elapsed = 00:00:00.18 . Memory (MB): peak = 3125.035 ; gain = 0.000 ; free physical = 17942 ; free virtual = 36343
Retarget | Checksum: 1c6a81663
INFO: [Opt 31-389] Phase Retarget created 8 cells and removed 23 cells
INFO: [Opt 31-1021] In phase Retarget, 3 netlist objects are constrained preventing optimization. Please run opt_design with -debug_log to get more detail. 

Phase 4 Constant propagation
INFO: [Opt 31-138] Pushed 0 inverter(s) to 0 load pin(s).
Phase 4 Constant propagation | Checksum: 1ad6dfef2

Time (s): cpu = 00:00:00.39 ; elapsed = 00:00:00.21 . Memory (MB): peak = 3125.035 ; gain = 0.000 ; free physical = 17942 ; free virtual = 36343
Constant propagation | Checksum: 1ad6dfef2
INFO: [Opt 31-389] Phase Constant propagation created 0 cells and removed 0 cells
INFO: [Opt 31-1021] In phase Constant propagation, 2 netlist objects are constrained preventing optimization. Please run opt_design with -debug_log to get more detail. 

Phase 5 Sweep
INFO: [Constraints 18-11670] Building netlist checker database with flags, 0x8
Done building netlist checker database: Time (s): cpu = 00:00:00 ; elapsed = 00:00:00 . Memory (MB): peak = 3125.035 ; gain = 0.000 ; free physical = 17942 ; free virtual = 36343
INFO: [Constraints 18-11670] Building netlist checker database with flags, 0x8
Done building netlist checker database: Time (s): cpu = 00:00:00 ; elapsed = 00:00:00 . Memory (MB): peak = 3125.035 ; gain = 0.000 ; free physical = 17942 ; free virtual = 36343
Phase 5 Sweep | Checksum: 1fe5edfde

Time (s): cpu = 00:00:00.45 ; elapsed = 00:00:00.27 . Memory (MB): peak = 3125.035 ; gain = 0.000 ; free physical = 17942 ; free virtual = 36343
Sweep | Checksum: 1fe5edfde
INFO: [Opt 31-389] Phase Sweep created 3 cells and removed 266 cells
INFO: [Opt 31-1021] In phase Sweep, 151 netlist objects are constrained preventing optimization. Please run opt_design with -debug_log to get more detail. 

Phase 6 BUFG optimization
Phase 6 BUFG optimization | Checksum: 1fe5edfde

Time (s): cpu = 00:00:00.53 ; elapsed = 00:00:00.31 . Memory (MB): peak = 3157.051 ; gain = 32.016 ; free physical = 17942 ; free virtual = 36343
BUFG optimization | Checksum: 1fe5edfde
INFO: [Opt 31-662] Phase BUFG optimization created 0 cells of which 0 are BUFGs and removed 0 cells.

Phase 7 Shift Register Optimization
INFO: [Opt 31-1064] SRL Remap converted 0 SRLs to 0 registers and converted 0 registers of register chains to 0 SRLs
Phase 7 Shift Register Optimization | Checksum: 1fe5edfde

Time (s): cpu = 00:00:00.53 ; elapsed = 00:00:00.31 . Memory (MB): peak = 3157.051 ; gain = 32.016 ; free physical = 17942 ; free virtual = 36343
Shift Register Optimization | Checksum: 1fe5edfde
INFO: [Opt 31-389] Phase Shift Register Optimization created 0 cells and removed 0 cells

Phase 8 Post Processing Netlist
Phase 8 Post Processing Netlist | Checksum: 1fe5edfde

Time (s): cpu = 00:00:00.55 ; elapsed = 00:00:00.33 . Memory (MB): peak = 3157.051 ; gain = 32.016 ; free physical = 17942 ; free virtual = 36343
Post Processing Netlist | Checksum: 1fe5edfde
INFO: [Opt 31-389] Phase Post Processing Netlist created 0 cells and removed 0 cells

Phase 9 Finalization

Phase 9.1 Finalizing Design Cores and Updating Shapes
Phase 9.1 Finalizing Design Cores and Updating Shapes | Checksum: 2d10694d5

Time (s): cpu = 00:00:00.64 ; elapsed = 00:00:00.39 . Memory (MB): peak = 3157.051 ; gain = 32.016 ; free physical = 17942 ; free virtual = 36343

Phase 9.2 Verifying Netlist Connectivity

Starting Connectivity Check Task

Time (s): cpu = 00:00:00.01 ; elapsed = 00:00:00 . Memory (MB): peak = 3157.051 ; gain = 0.000 ; free physical = 17942 ; free virtual = 36343
Phase 9.2 Verifying Netlist Connectivity | Checksum: 2d10694d5

Time (s): cpu = 00:00:00.65 ; elapsed = 00:00:00.39 . Memory (MB): peak = 3157.051 ; gain = 32.016 ; free physical = 17942 ; free virtual = 36343
Phase 9 Finalization | Checksum: 2d10694d5

Time (s): cpu = 00:00:00.65 ; elapsed = 00:00:00.4 . Memory (MB): peak = 3157.051 ; gain = 32.016 ; free physical = 17942 ; free virtual = 36343
Opt_design Change Summary
=========================


-------------------------------------------------------------------------------------------------------------------------
|  Phase                        |  #Cells created  |  #Cells Removed  |  #Constrained objects preventing optimizations  |
-------------------------------------------------------------------------------------------------------------------------
|  Retarget                     |               8  |              23  |                                              3  |
|  Constant propagation         |               0  |               0  |                                              2  |
|  Sweep                        |               3  |             266  |                                            151  |
|  BUFG optimization            |               0  |               0  |                                              0  |
|  Shift Register Optimization  |               0  |               0  |                                              0  |
|  Post Processing Netlist      |               0  |               0  |                                              0  |
-------------------------------------------------------------------------------------------------------------------------


Ending Logic Optimization Task | Checksum: 2d10694d5

Time (s): cpu = 00:00:00.66 ; elapsed = 00:00:00.4 . Memory (MB): peak = 3157.051 ; gain = 32.016 ; free physical = 17942 ; free virtual = 36343

Starting Power Optimization Task
INFO: [Pwropt 34-132] Skipping clock gating for clocks with a period < 2.00 ns.
INFO: [Timing 38-35] Done setting XDC timing constraints.
Running Vector-less Activity Propagation...

Finished Running Vector-less Activity Propagation
INFO: [Pwropt 34-9] Applying IDT optimizations ...
INFO: [Pwropt 34-10] Applying ODC optimizations ...


Starting PowerOpt Patch Enables Task
INFO: [Pwropt 34-162] WRITE_MODE attribute of 0 BRAM(s) out of a total of 37 has been updated to save power. Run report_power_opt to get a complete listing of the BRAMs updated.
INFO: [Pwropt 34-201] Structural ODC has moved 0 WE to EN ports
Number of BRAM Ports augmented: 20 newly gated: 36 Total Ports: 74
Number of Flops added for Enable Generation: 2

Ending PowerOpt Patch Enables Task | Checksum: 20f76ded4

Time (s): cpu = 00:00:00.09 ; elapsed = 00:00:00.07 . Memory (MB): peak = 3282.094 ; gain = 0.000 ; free physical = 17872 ; free virtual = 36273
Ending Power Optimization Task | Checksum: 20f76ded4

Time (s): cpu = 00:00:03 ; elapsed = 00:00:02 . Memory (MB): peak = 3282.094 ; gain = 125.043 ; free physical = 17873 ; free virtual = 36274

Starting Final Cleanup Task

Starting Logic Optimization Task
INFO: [Timing 38-35] Done setting XDC timing constraints.
Ending Logic Optimization Task | Checksum: 292ce2ffa

Time (s): cpu = 00:00:00.56 ; elapsed = 00:00:00.28 . Memory (MB): peak = 3282.094 ; gain = 0.000 ; free physical = 17873 ; free virtual = 36274
Ending Final Cleanup Task | Checksum: 292ce2ffa

Time (s): cpu = 00:00:02 ; elapsed = 00:00:02 . Memory (MB): peak = 3282.094 ; gain = 0.000 ; free physical = 17873 ; free virtual = 36274

Starting Netlist Obfuscation Task
Netlist sorting complete. Time (s): cpu = 00:00:00 ; elapsed = 00:00:00 . Memory (MB): peak = 3282.094 ; gain = 0.000 ; free physical = 17873 ; free virtual = 36274
Ending Netlist Obfuscation Task | Checksum: 292ce2ffa

Time (s): cpu = 00:00:00 ; elapsed = 00:00:00 . Memory (MB): peak = 3282.094 ; gain = 0.000 ; free physical = 17873 ; free virtual = 36274
INFO: [Common 17-83] Releasing license: Implementation
30 Infos, 0 Warnings, 0 Critical Warnings and 0 Errors encountered.
opt_design completed successfully
opt_design: Time (s): cpu = 00:00:08 ; elapsed = 00:00:06 . Memory (MB): peak = 3282.094 ; gain = 175.836 ; free physical = 17873 ; free virtual = 36274
# place_design
Command: place_design
Attempting to get a license for feature 'Implementation' and/or device 'xc7s50'
INFO: [Common 17-349] Got license for feature 'Implementation' and/or device 'xc7s50'
INFO: [Common 17-83] Releasing license: Implementation
INFO: [DRC 23-27] Running DRC with 4 threads
INFO: [Vivado_Tcl 4-198] DRC finished with 0 Errors
INFO: [Vivado_Tcl 4-199] Please refer to the DRC report (report_drc) for more information.
Running DRC as a precondition to command place_design
INFO: [DRC 23-27] Running DRC with 4 threads
INFO: [Vivado_Tcl 4-198] DRC finished with 0 Errors
INFO: [Vivado_Tcl 4-199] Please refer to the DRC report (report_drc) for more information.
INFO: [Place 30-611] Multithreading enabled for place_design using a maximum of 4 CPUs

Starting Placer Task

Phase 1 Placer Initialization

Phase 1.1 Placer Initialization Netlist Sorting
Netlist sorting complete. Time (s): cpu = 00:00:00 ; elapsed = 00:00:00 . Memory (MB): peak = 3282.094 ; gain = 0.000 ; free physical = 17874 ; free virtual = 36275
Phase 1.1 Placer Initialization Netlist Sorting | Checksum: 1946adf31

Time (s): cpu = 00:00:00 ; elapsed = 00:00:00.01 . Memory (MB): peak = 3282.094 ; gain = 0.000 ; free physical = 17874 ; free virtual = 36275
Netlist sorting complete. Time (s): cpu = 00:00:00 ; elapsed = 00:00:00 . Memory (MB): peak = 3282.094 ; gain = 0.000 ; free physical = 17874 ; free virtual = 36275

Phase 1.2 IO Placement/ Clock Placement/ Build Placer Device
INFO: [Timing 38-35] Done setting XDC timing constraints.
Phase 1.2 IO Placement/ Clock Placement/ Build Placer Device | Checksum: 174248842

Time (s): cpu = 00:00:00.77 ; elapsed = 00:00:00.37 . Memory (MB): peak = 3282.094 ; gain = 0.000 ; free physical = 17875 ; free virtual = 36276

Phase 1.3 Build Placer Netlist Model
Phase 1.3 Build Placer Netlist Model | Checksum: 23ebd48db

Time (s): cpu = 00:00:02 ; elapsed = 00:00:00.88 . Memory (MB): peak = 3282.094 ; gain = 0.000 ; free physical = 17875 ; free virtual = 36276

Phase 1.4 Constrain Clocks/Macros
Phase 1.4 Constrain Clocks/Macros | Checksum: 23ebd48db

Time (s): cpu = 00:00:02 ; elapsed = 00:00:00.89 . Memory (MB): peak = 3282.094 ; gain = 0.000 ; free physical = 17875 ; free virtual = 36276
Phase 1 Placer Initialization | Checksum: 23ebd48db

Time (s): cpu = 00:00:02 ; elapsed = 00:00:00.9 . Memory (MB): peak = 3282.094 ; gain = 0.000 ; free physical = 17875 ; free virtual = 36276

Phase 2 Global Placement

Phase 2.1 Floorplanning
Phase 2.1 Floorplanning | Checksum: 1a1606bd6

Time (s): cpu = 00:00:02 ; elapsed = 00:00:01 . Memory (MB): peak = 3282.094 ; gain = 0.000 ; free physical = 17875 ; free virtual = 36276

Phase 2.2 Update Timing before SLR Path Opt
Phase 2.2 Update Timing before SLR Path Opt | Checksum: 207fb9d24

Time (s): cpu = 00:00:03 ; elapsed = 00:00:01 . Memory (MB): peak = 3282.094 ; gain = 0.000 ; free physical = 17875 ; free virtual = 36276

Phase 2.3 Post-Processing in Floorplanning
Phase 2.3 Post-Processing in Floorplanning | Checksum: 207fb9d24

Time (s): cpu = 00:00:03 ; elapsed = 00:00:01 . Memory (MB): peak = 3282.094 ; gain = 0.000 ; free physical = 17875 ; free virtual = 36276

Phase 2.4 Global Place Phase1
Phase 2.4 Global Place Phase1 | Checksum: 21bbcabc7

Time (s): cpu = 00:00:08 ; elapsed = 00:00:03 . Memory (MB): peak = 3282.094 ; gain = 0.000 ; free physical = 17874 ; free virtual = 36275

Phase 2.5 Global Place Phase2

Phase 2.5.1 UpdateTiming Before Physical Synthesis
Phase 2.5.1 UpdateTiming Before Physical Synthesis | Checksum: 27896c930

Time (s): cpu = 00:00:08 ; elapsed = 00:00:03 . Memory (MB): peak = 3282.094 ; gain = 0.000 ; free physical = 17875 ; free virtual = 36276

Phase 2.5.2 Physical Synthesis In Placer
INFO: [Physopt 32-1035] Found 24 LUTNM shape to break, 534 LUT instances to create LUTNM shape
INFO: [Physopt 32-1044] Break lutnm for timing: one critical 16, two critical 8, total 24, new lutff created 0
INFO: [Physopt 32-1138] End 1 Pass. Optimized 254 nets or LUTs. Breaked 24 LUTs, combined 230 existing LUTs and moved 0 existing LUT
INFO: [Physopt 32-65] No nets found for high-fanout optimization.
INFO: [Physopt 32-232] Optimized 0 net. Created 0 new instance.
INFO: [Physopt 32-775] End 1 Pass. Optimized 0 net or cell. Created 0 new cell, deleted 0 existing cell and moved 0 existing cell
INFO: [Physopt 32-76] Pass 1. Identified 1 candidate net for fanout optimization.
INFO: [Physopt 32-81] Processed net addra_reg__0[15]. Replicated 4 times.
INFO: [Physopt 32-232] Optimized 1 net. Created 4 new instances.
INFO: [Physopt 32-775] End 1 Pass. Optimized 1 net or cell. Created 4 new cells, deleted 0 existing cell and moved 0 existing cell
Netlist sorting complete. Time (s): cpu = 00:00:00 ; elapsed = 00:00:00.01 . Memory (MB): peak = 3282.094 ; gain = 0.000 ; free physical = 17875 ; free virtual = 36276
INFO: [Physopt 32-456] No candidate cells for DSP register optimization found in the design.
INFO: [Physopt 32-775] End 2 Pass. Optimized 0 net or cell. Created 0 new cell, deleted 0 existing cell and moved 0 existing cell
INFO: [Physopt 32-1123] No candidate cells found for Shift Register to Pipeline optimization
INFO: [Physopt 32-775] End 2 Pass. Optimized 0 net or cell. Created 0 new cell, deleted 0 existing cell and moved 0 existing cell
INFO: [Physopt 32-1401] No candidate cells found for Shift Register optimization.
INFO: [Physopt 32-677] No candidate cells for Shift Register optimization found in the design
INFO: [Physopt 32-775] End 1 Pass. Optimized 0 net or cell. Created 0 new cell, deleted 0 existing cell and moved 0 existing cell
INFO: [Physopt 32-526] No candidate cells for BRAM register optimization found in the design
INFO: [Physopt 32-775] End 1 Pass. Optimized 0 net or cell. Created 0 new cell, deleted 0 existing cell and moved 0 existing cell
INFO: [Physopt 32-846] No candidate cells for URAM register optimization found in the design
INFO: [Physopt 32-775] End 1 Pass. Optimized 0 net or cell. Created 0 new cell, deleted 0 existing cell and moved 0 existing cell
INFO: [Physopt 32-846] No candidate cells for URAM register optimization found in the design
INFO: [Physopt 32-775] End 1 Pass. Optimized 0 net or cell. Created 0 new cell, deleted 0 existing cell and moved 0 existing cell
INFO: [Physopt 32-949] No candidate nets found for dynamic/static region interface net replication
INFO: [Physopt 32-775] End 1 Pass. Optimized 0 net or cell. Created 0 new cell, deleted 0 existing cell and moved 0 existing cell
Netlist sorting complete. Time (s): cpu = 00:00:00.01 ; elapsed = 00:00:00 . Memory (MB): peak = 3282.094 ; gain = 0.000 ; free physical = 17875 ; free virtual = 36276

Summary of Physical Synthesis Optimizations
============================================


-----------------------------------------------------------------------------------------------------------------------------------------------------------
|  Optimization                                     |  Added Cells  |  Removed Cells  |  Optimized Cells/Nets  |  Dont Touch  |  Iterations  |  Elapsed   |
-----------------------------------------------------------------------------------------------------------------------------------------------------------
|  LUT Combining                                    |           24  |            230  |                   254  |           0  |           1  |  00:00:00  |
|  Retime                                           |            0  |              0  |                     0  |           0  |           1  |  00:00:00  |
|  Very High Fanout                                 |            0  |              0  |                     0  |           0  |           1  |  00:00:00  |
|  Fanout                                           |            4  |              0  |                     1  |           0  |           1  |  00:00:00  |
|  DSP Register                                     |            0  |              0  |                     0  |           0  |           1  |  00:00:00  |
|  Shift Register to Pipeline                       |            0  |              0  |                     0  |           0  |           1  |  00:00:00  |
|  Shift Register                                   |            0  |              0  |                     0  |           0  |           1  |  00:00:00  |
|  BRAM Register                                    |            0  |              0  |                     0  |           0  |           1  |  00:00:00  |
|  URAM Register                                    |            0  |              0  |                     0  |           0  |           1  |  00:00:00  |
|  Dynamic/Static Region Interface Net Replication  |            0  |              0  |                     0  |           0  |           1  |  00:00:00  |
|  Total                                            |           28  |            230  |                   255  |           0  |          10  |  00:00:00  |
-----------------------------------------------------------------------------------------------------------------------------------------------------------


Phase 2.5.2 Physical Synthesis In Placer | Checksum: 22f2ccf4a

Time (s): cpu = 00:00:09 ; elapsed = 00:00:04 . Memory (MB): peak = 3282.094 ; gain = 0.000 ; free physical = 17875 ; free virtual = 36276
Phase 2.5 Global Place Phase2 | Checksum: 20c2d27c5

Time (s): cpu = 00:00:09 ; elapsed = 00:00:04 . Memory (MB): peak = 3282.094 ; gain = 0.000 ; free physical = 17875 ; free virtual = 36276
Phase 2 Global Placement | Checksum: 20c2d27c5

Time (s): cpu = 00:00:09 ; elapsed = 00:00:04 . Memory (MB): peak = 3282.094 ; gain = 0.000 ; free physical = 17875 ; free virtual = 36276

Phase 3 Detail Placement

Phase 3.1 Commit Multi Column Macros
Phase 3.1 Commit Multi Column Macros | Checksum: 1a37dd29e

Time (s): cpu = 00:00:10 ; elapsed = 00:00:04 . Memory (MB): peak = 3282.094 ; gain = 0.000 ; free physical = 17875 ; free virtual = 36276

Phase 3.2 Commit Most Macros & LUTRAMs
Phase 3.2 Commit Most Macros & LUTRAMs | Checksum: 1bd700673

Time (s): cpu = 00:00:10 ; elapsed = 00:00:04 . Memory (MB): peak = 3282.094 ; gain = 0.000 ; free physical = 17875 ; free virtual = 36276

Phase 3.3 Area Swap Optimization
Phase 3.3 Area Swap Optimization | Checksum: 1f04b12aa

Time (s): cpu = 00:00:10 ; elapsed = 00:00:05 . Memory (MB): peak = 3282.094 ; gain = 0.000 ; free physical = 17875 ; free virtual = 36276

Phase 3.4 Pipeline Register Optimization
Phase 3.4 Pipeline Register Optimization | Checksum: 1aad99183

Time (s): cpu = 00:00:10 ; elapsed = 00:00:05 . Memory (MB): peak = 3282.094 ; gain = 0.000 ; free physical = 17875 ; free virtual = 36276

Phase 3.5 Fast Optimization
Phase 3.5 Fast Optimization | Checksum: 16bbcab90

Time (s): cpu = 00:00:12 ; elapsed = 00:00:05 . Memory (MB): peak = 3282.094 ; gain = 0.000 ; free physical = 17898 ; free virtual = 36299

Phase 3.6 Small Shape Detail Placement
Phase 3.6 Small Shape Detail Placement | Checksum: 1d685cf09

Time (s): cpu = 00:00:13 ; elapsed = 00:00:06 . Memory (MB): peak = 3282.094 ; gain = 0.000 ; free physical = 17890 ; free virtual = 36291

Phase 3.7 Re-assign LUT pins
Phase 3.7 Re-assign LUT pins | Checksum: 26839bfc1

Time (s): cpu = 00:00:13 ; elapsed = 00:00:06 . Memory (MB): peak = 3282.094 ; gain = 0.000 ; free physical = 17890 ; free virtual = 36291

Phase 3.8 Pipeline Register Optimization
Phase 3.8 Pipeline Register Optimization | Checksum: 22da940aa

Time (s): cpu = 00:00:13 ; elapsed = 00:00:06 . Memory (MB): peak = 3282.094 ; gain = 0.000 ; free physical = 17890 ; free virtual = 36291

Phase 3.9 Fast Optimization
Phase 3.9 Fast Optimization | Checksum: 1c1b05695

Time (s): cpu = 00:00:15 ; elapsed = 00:00:07 . Memory (MB): peak = 3282.094 ; gain = 0.000 ; free physical = 17901 ; free virtual = 36301
Phase 3 Detail Placement | Checksum: 1c1b05695

Time (s): cpu = 00:00:15 ; elapsed = 00:00:07 . Memory (MB): peak = 3282.094 ; gain = 0.000 ; free physical = 17901 ; free virtual = 36301

Phase 4 Post Placement Optimization and Clean-Up

Phase 4.1 Post Commit Optimization
INFO: [Timing 38-35] Done setting XDC timing constraints.

Phase 4.1.1 Post Placement Optimization
Post Placement Optimization Initialization | Checksum: 1fd40a741

Phase 4.1.1.1 BUFG Insertion

Starting Physical Synthesis Task

Phase 1 Physical Synthesis Initialization
INFO: [Physopt 32-721] Multithreading enabled for phys_opt_design using a maximum of 4 CPUs
INFO: [Physopt 32-619] Estimated Timing Summary | WNS=-5.987 | TNS=-186.388 |
Phase 1 Physical Synthesis Initialization | Checksum: 1665e0e23

Time (s): cpu = 00:00:00.16 ; elapsed = 00:00:00.06 . Memory (MB): peak = 3282.094 ; gain = 0.000 ; free physical = 17901 ; free virtual = 36302
INFO: [Place 46-33] Processed net highdef_fb/ddr3_top/ddr3_controller_inst/o_phy_reset, BUFG insertion was skipped due to placement/routing conflicts.
INFO: [Place 46-56] BUFG insertion identified 1 candidate nets. Inserted BUFG: 0, Replicated BUFG Driver: 0, Skipped due to Placement/Routing Conflicts: 1, Skipped due to Timing Degradation: 0, Skipped due to netlist editing failed: 0.
Ending Physical Synthesis Task | Checksum: 26cbdf79d

Time (s): cpu = 00:00:00.31 ; elapsed = 00:00:00.14 . Memory (MB): peak = 3282.094 ; gain = 0.000 ; free physical = 17901 ; free virtual = 36302
Phase 4.1.1.1 BUFG Insertion | Checksum: 1fd40a741

Time (s): cpu = 00:00:16 ; elapsed = 00:00:08 . Memory (MB): peak = 3282.094 ; gain = 0.000 ; free physical = 17901 ; free virtual = 36302

Phase 4.1.1.2 Post Placement Timing Optimization
INFO: [Place 30-746] Post Placement Timing Summary WNS=-4.737. For the most accurate timing information please run report_timing.
Phase 4.1.1.2 Post Placement Timing Optimization | Checksum: 28b4a66bc

Time (s): cpu = 00:00:22 ; elapsed = 00:00:13 . Memory (MB): peak = 3282.094 ; gain = 0.000 ; free physical = 17906 ; free virtual = 36307

Time (s): cpu = 00:00:22 ; elapsed = 00:00:13 . Memory (MB): peak = 3282.094 ; gain = 0.000 ; free physical = 17906 ; free virtual = 36307
Phase 4.1 Post Commit Optimization | Checksum: 28b4a66bc

Time (s): cpu = 00:00:23 ; elapsed = 00:00:13 . Memory (MB): peak = 3282.094 ; gain = 0.000 ; free physical = 17906 ; free virtual = 36307

Phase 4.2 Post Placement Cleanup
Phase 4.2 Post Placement Cleanup | Checksum: 28b4a66bc

Time (s): cpu = 00:00:23 ; elapsed = 00:00:13 . Memory (MB): peak = 3282.094 ; gain = 0.000 ; free physical = 17906 ; free virtual = 36307

Phase 4.3 Placer Reporting

Phase 4.3.1 Print Estimated Congestion
INFO: [Place 30-612] Post-Placement Estimated Congestion 
 ____________________________________________________
|           | Global Congestion | Short Congestion  |
| Direction | Region Size       | Region Size       |
|___________|___________________|___________________|
|      North|                1x1|                1x1|
|___________|___________________|___________________|
|      South|                1x1|                4x4|
|___________|___________________|___________________|
|       East|                1x1|                1x1|
|___________|___________________|___________________|
|       West|                1x1|                1x1|
|___________|___________________|___________________|

Phase 4.3.1 Print Estimated Congestion | Checksum: 28b4a66bc

Time (s): cpu = 00:00:23 ; elapsed = 00:00:14 . Memory (MB): peak = 3282.094 ; gain = 0.000 ; free physical = 17906 ; free virtual = 36307
Phase 4.3 Placer Reporting | Checksum: 28b4a66bc

Time (s): cpu = 00:00:23 ; elapsed = 00:00:14 . Memory (MB): peak = 3282.094 ; gain = 0.000 ; free physical = 17906 ; free virtual = 36307

Phase 4.4 Final Placement Cleanup
Netlist sorting complete. Time (s): cpu = 00:00:00 ; elapsed = 00:00:00.01 . Memory (MB): peak = 3282.094 ; gain = 0.000 ; free physical = 17906 ; free virtual = 36307

Time (s): cpu = 00:00:23 ; elapsed = 00:00:14 . Memory (MB): peak = 3282.094 ; gain = 0.000 ; free physical = 17906 ; free virtual = 36307
Phase 4 Post Placement Optimization and Clean-Up | Checksum: 2bd9f4f22

Time (s): cpu = 00:00:23 ; elapsed = 00:00:14 . Memory (MB): peak = 3282.094 ; gain = 0.000 ; free physical = 17906 ; free virtual = 36307
Ending Placer Task | Checksum: 2129c9240

Time (s): cpu = 00:00:23 ; elapsed = 00:00:14 . Memory (MB): peak = 3282.094 ; gain = 0.000 ; free physical = 17906 ; free virtual = 36307
42 Infos, 0 Warnings, 0 Critical Warnings and 0 Errors encountered.
place_design completed successfully
place_design: Time (s): cpu = 00:00:25 ; elapsed = 00:00:14 . Memory (MB): peak = 3282.094 ; gain = 0.000 ; free physical = 17906 ; free virtual = 36307
# report_clock_utilization -file $outputDir/clock_util.rpt
# if {[get_property SLACK [get_timing_paths -max_paths 1 -nworst 1 -setup]] < 0} {
#  puts "Found setup timing violations => running physical optimization"
#  phys_opt_design
# }
Found setup timing violations => running physical optimization
Command: phys_opt_design
Attempting to get a license for feature 'Implementation' and/or device 'xc7s50'
INFO: [Common 17-349] Got license for feature 'Implementation' and/or device 'xc7s50'
INFO: [Vivado_Tcl 4-1435] PhysOpt_Tcl_Interface Runtime Before Starting Physical Synthesis Task | CPU: 0.02s |  WALL: 0.02s
Netlist sorting complete. Time (s): cpu = 00:00:00.01 ; elapsed = 00:00:00 . Memory (MB): peak = 3282.094 ; gain = 0.000 ; free physical = 17905 ; free virtual = 36306

Starting Physical Synthesis Task

Phase 1 Physical Synthesis Initialization
INFO: [Physopt 32-721] Multithreading enabled for phys_opt_design using a maximum of 4 CPUs
INFO: [Physopt 32-619] Estimated Timing Summary | WNS=-4.737 | TNS=-153.954 |
Phase 1 Physical Synthesis Initialization | Checksum: 23948da92

Time (s): cpu = 00:00:01 ; elapsed = 00:00:00.35 . Memory (MB): peak = 3282.094 ; gain = 0.000 ; free physical = 17905 ; free virtual = 36306
INFO: [Physopt 32-619] Estimated Timing Summary | WNS=-4.737 | TNS=-153.954 |

Phase 2 DSP Register Optimization
INFO: [Physopt 32-456] No candidate cells for DSP register optimization found in the design.
INFO: [Physopt 32-775] End 2 Pass. Optimized 0 net or cell. Created 0 new cell, deleted 0 existing cell and moved 0 existing cell
Phase 2 DSP Register Optimization | Checksum: 23948da92

Time (s): cpu = 00:00:01 ; elapsed = 00:00:00.38 . Memory (MB): peak = 3282.094 ; gain = 0.000 ; free physical = 17905 ; free virtual = 36306

Phase 3 Critical Path Optimization
INFO: [Physopt 32-619] Estimated Timing Summary | WNS=-4.737 | TNS=-153.954 |
INFO: [Physopt 32-702] Processed net tmds_red/Q[3]. Optimizations did not improve timing on the net.
INFO: [Physopt 32-702] Processed net wizard_hdmi/clk_pixel_cw_hdmi. Optimizations did not improve timing on the net.
INFO: [Physopt 32-702] Processed net vsg/cnt[4]_i_3_n_0. Optimizations did not improve timing on the net.
INFO: [Physopt 32-702] Processed net vsg/cnt[4]_i_9_n_0. Optimizations did not improve timing on the net.
INFO: [Physopt 32-601] Processed net vsg/cnt[3]_i_10_n_0. Net driver vsg/cnt[3]_i_10 was replaced.
INFO: [Physopt 32-735] Processed net vsg/cnt[3]_i_10_n_0. Optimization improves timing on the net.
INFO: [Physopt 32-619] Estimated Timing Summary | WNS=-4.719 | TNS=-153.936 |
INFO: [Physopt 32-81] Processed net vsg/cnt[3]_i_10_n_0. Replicated 1 times.
INFO: [Physopt 32-735] Processed net vsg/cnt[3]_i_10_n_0. Optimization improves timing on the net.
INFO: [Physopt 32-619] Estimated Timing Summary | WNS=-4.718 | TNS=-153.948 |
INFO: [Physopt 32-702] Processed net vsg/cnt[3]_i_10_n_0. Optimizations did not improve timing on the net.
INFO: [Physopt 32-702] Processed net vsg/cnt[4]_i_6_n_0. Optimizations did not improve timing on the net.
INFO: [Physopt 32-702] Processed net vsg/cnt[4]_i_16_n_0. Optimizations did not improve timing on the net.
INFO: [Physopt 32-702] Processed net vsg/cnt[4]_i_29_n_0. Optimizations did not improve timing on the net.
INFO: [Physopt 32-710] Processed net vsg/cnt[4]_i_29_n_0. Critical path length was reduced through logic transformation on cell vsg/cnt[4]_i_29_comp.
INFO: [Physopt 32-735] Processed net vsg/tmds[3]_i_7_n_0. Optimization improves timing on the net.
INFO: [Physopt 32-619] Estimated Timing Summary | WNS=-4.610 | TNS=-152.632 |
INFO: [Physopt 32-608] Optimized 1 net.  Swapped 22 pins.
INFO: [Physopt 32-735] Processed net mcs/cnt[4]_i_34_0. Optimization improves timing on the net.
INFO: [Physopt 32-619] Estimated Timing Summary | WNS=-4.584 | TNS=-152.268 |
INFO: [Physopt 32-702] Processed net mcs/cnt[4]_i_34_0. Optimizations did not improve timing on the net.
INFO: [Physopt 32-702] Processed net vsg/sw[7]. Optimizations did not improve timing on the net.
INFO: [Physopt 32-710] Processed net vsg/sw[7]. Critical path length was reduced through logic transformation on cell vsg/cnt[4]_i_38_comp.
INFO: [Physopt 32-735] Processed net vsg/tmds[3]_i_7_n_0. Optimization improves timing on the net.
INFO: [Physopt 32-619] Estimated Timing Summary | WNS=-4.512 | TNS=-151.561 |
INFO: [Physopt 32-702] Processed net mcs/cnt[4]_i_39_0. Optimizations did not improve timing on the net.
INFO: [Physopt 32-702] Processed net vsg/sw[7]_1. Optimizations did not improve timing on the net.
INFO: [Physopt 32-710] Processed net vsg/sw[7]_1. Critical path length was reduced through logic transformation on cell vsg/cnt[4]_i_35_comp.
INFO: [Physopt 32-735] Processed net vsg/tmds[3]_i_7_n_0. Optimization improves timing on the net.
INFO: [Physopt 32-619] Estimated Timing Summary | WNS=-4.471 | TNS=-151.285 |
INFO: [Physopt 32-702] Processed net tmds_green/Q[3]. Optimizations did not improve timing on the net.
INFO: [Physopt 32-663] Processed net vsg/cnt[4]_i_4_n_0.  Re-placed instance vsg/cnt[4]_i_4
INFO: [Physopt 32-735] Processed net vsg/cnt[4]_i_4_n_0. Optimization improves timing on the net.
INFO: [Physopt 32-619] Estimated Timing Summary | WNS=-4.471 | TNS=-151.278 |
INFO: [Physopt 32-702] Processed net vsg/red[1]. Optimizations did not improve timing on the net.
INFO: [Physopt 32-81] Processed net vsg/v_count_reg[8]_3. Replicated 1 times.
INFO: [Physopt 32-735] Processed net vsg/v_count_reg[8]_3. Optimization improves timing on the net.
INFO: [Physopt 32-619] Estimated Timing Summary | WNS=-4.470 | TNS=-151.707 |
INFO: [Physopt 32-710] Processed net vsg/red[1]. Critical path length was reduced through logic transformation on cell vsg/cnt[4]_i_15__0_comp.
INFO: [Physopt 32-735] Processed net vsg/img_red[4]. Optimization improves timing on the net.
INFO: [Physopt 32-619] Estimated Timing Summary | WNS=-4.463 | TNS=-151.545 |
INFO: [Physopt 32-663] Processed net vsg/cnt[4]_i_7__0_n_0.  Re-placed instance vsg/cnt[4]_i_7__0
INFO: [Physopt 32-735] Processed net vsg/cnt[4]_i_7__0_n_0. Optimization improves timing on the net.
INFO: [Physopt 32-619] Estimated Timing Summary | WNS=-4.430 | TNS=-151.465 |
INFO: [Physopt 32-702] Processed net vsg/cnt[4]_i_32_n_0. Optimizations did not improve timing on the net.
INFO: [Physopt 32-710] Processed net vsg/cnt[4]_i_32_n_0. Critical path length was reduced through logic transformation on cell vsg/cnt[4]_i_32_comp.
INFO: [Physopt 32-735] Processed net vsg/tmds[3]_i_7_n_0. Optimization improves timing on the net.
INFO: [Physopt 32-619] Estimated Timing Summary | WNS=-4.428 | TNS=-151.523 |
INFO: [Physopt 32-134] Processed net vsg/cnt[4]_i_10__0_n_0. Rewiring did not optimize the net.
INFO: [Physopt 32-608] Optimized 1 net.  Swapped 24 pins.
INFO: [Physopt 32-735] Processed net vsg/cnt[4]_i_10__0_n_0. Optimization improves timing on the net.
INFO: [Physopt 32-619] Estimated Timing Summary | WNS=-4.421 | TNS=-151.507 |
INFO: [Physopt 32-702] Processed net tmds_blue/Q[3]. Optimizations did not improve timing on the net.
INFO: [Physopt 32-663] Processed net rgbtoycrcb_m/cnt[4]_i_2__1_n_0.  Re-placed instance rgbtoycrcb_m/cnt[4]_i_2__1
INFO: [Physopt 32-735] Processed net rgbtoycrcb_m/cnt[4]_i_2__1_n_0. Optimization improves timing on the net.
INFO: [Physopt 32-619] Estimated Timing Summary | WNS=-4.412 | TNS=-151.493 |
INFO: [Physopt 32-702] Processed net vsg/cnt[4]_i_30_n_0. Optimizations did not improve timing on the net.
INFO: [Physopt 32-710] Processed net vsg/cnt[4]_i_30_n_0. Critical path length was reduced through logic transformation on cell vsg/cnt[4]_i_30_comp.
INFO: [Physopt 32-735] Processed net vsg/tmds[3]_i_7_n_0. Optimization improves timing on the net.
INFO: [Physopt 32-619] Estimated Timing Summary | WNS=-4.410 | TNS=-151.483 |
INFO: [Physopt 32-702] Processed net rgbtoycrcb_m/cnt[4]_i_3__0_n_0. Optimizations did not improve timing on the net.
INFO: [Physopt 32-608] Optimized 1 net.  Swapped 19 pins.
INFO: [Physopt 32-735] Processed net vsg/cnt_reg[4]. Optimization improves timing on the net.
INFO: [Physopt 32-619] Estimated Timing Summary | WNS=-4.389 | TNS=-151.233 |
INFO: [Physopt 32-608] Optimized 1 net.  Swapped 20 pins.
INFO: [Physopt 32-735] Processed net vsg/cnt[4]_i_2__0_n_0. Optimization improves timing on the net.
INFO: [Physopt 32-619] Estimated Timing Summary | WNS=-4.386 | TNS=-151.217 |
INFO: [Physopt 32-663] Processed net rgbtoycrcb_m/cnt_reg[3]_0.  Re-placed instance rgbtoycrcb_m/cnt[1]_i_2
INFO: [Physopt 32-735] Processed net rgbtoycrcb_m/cnt_reg[3]_0. Optimization improves timing on the net.
INFO: [Physopt 32-619] Estimated Timing Summary | WNS=-4.373 | TNS=-151.681 |
INFO: [Physopt 32-608] Optimized 1 net.  Swapped 18 pins.
INFO: [Physopt 32-735] Processed net vsg/cnt[4]_i_7__0_n_0. Optimization improves timing on the net.
INFO: [Physopt 32-619] Estimated Timing Summary | WNS=-4.371 | TNS=-151.674 |
INFO: [Physopt 32-608] Optimized 1 net.  Swapped 22 pins.
INFO: [Physopt 32-735] Processed net vsg/cnt[4]_i_8_n_0. Optimization improves timing on the net.
INFO: [Physopt 32-619] Estimated Timing Summary | WNS=-4.370 | TNS=-151.673 |
INFO: [Physopt 32-702] Processed net vsg/v_count_reg[8]_3_repN. Optimizations did not improve timing on the net.
INFO: [Physopt 32-702] Processed net word/sensor_sprite/h_count_reg[9][0]. Optimizations did not improve timing on the net.
INFO: [Physopt 32-702] Processed net word/sensor_sprite/_inferred__0/i__carry__0_n_0. Optimizations did not improve timing on the net.
INFO: [Physopt 32-608] Optimized 1 net.  Swapped 34 pins.
INFO: [Physopt 32-735] Processed net vsg/sen_sprite_x0_2[0]. Optimization improves timing on the net.
INFO: [Physopt 32-619] Estimated Timing Summary | WNS=-4.366 | TNS=-151.396 |
INFO: [Physopt 32-702] Processed net vsg/cnt[4]_i_6__0_n_0. Optimizations did not improve timing on the net.
INFO: [Physopt 32-663] Processed net rgbtoycrcb_m/cnt_reg[2].  Re-placed instance rgbtoycrcb_m/cnt[4]_i_19__0
INFO: [Physopt 32-735] Processed net rgbtoycrcb_m/cnt_reg[2]. Optimization improves timing on the net.
INFO: [Physopt 32-619] Estimated Timing Summary | WNS=-4.366 | TNS=-151.394 |
INFO: [Physopt 32-702] Processed net vsg/sw[7]_0. Optimizations did not improve timing on the net.
INFO: [Physopt 32-702] Processed net vsg/tmds[3]_i_7_n_0. Optimizations did not improve timing on the net.
INFO: [Physopt 32-702] Processed net word/sensor_sprite/CO[0]. Optimizations did not improve timing on the net.
INFO: [Physopt 32-702] Processed net word/sensor_sprite/in_sprite1_carry_n_0. Optimizations did not improve timing on the net.
INFO: [Physopt 32-608] Optimized 1 net.  Swapped 42 pins.
INFO: [Physopt 32-735] Processed net vsg/S[1]. Optimization improves timing on the net.
INFO: [Physopt 32-619] Estimated Timing Summary | WNS=-4.356 | TNS=-151.084 |
INFO: [Physopt 32-608] Optimized 1 net.  Swapped 42 pins.
INFO: [Physopt 32-735] Processed net vsg/S[2]. Optimization improves timing on the net.
INFO: [Physopt 32-619] Estimated Timing Summary | WNS=-4.346 | TNS=-150.383 |
INFO: [Physopt 32-702] Processed net word/sensor_sprite/_inferred__0/i__carry_n_0. Optimizations did not improve timing on the net.
INFO: [Physopt 32-608] Optimized 1 net.  Swapped 20 pins.
INFO: [Physopt 32-735] Processed net word/sensor_sprite/i__carry_i_3_n_0. Optimization improves timing on the net.
INFO: [Physopt 32-619] Estimated Timing Summary | WNS=-4.332 | TNS=-149.966 |
INFO: [Physopt 32-608] Optimized 1 net.  Swapped 42 pins.
INFO: [Physopt 32-735] Processed net vsg/S[0]. Optimization improves timing on the net.
INFO: [Physopt 32-619] Estimated Timing Summary | WNS=-4.305 | TNS=-147.653 |
INFO: [Physopt 32-608] Optimized 1 net.  Swapped 34 pins.
INFO: [Physopt 32-735] Processed net vsg/sen_sprite_x0_2[3]. Optimization improves timing on the net.
INFO: [Physopt 32-619] Estimated Timing Summary | WNS=-4.255 | TNS=-146.930 |
INFO: [Physopt 32-608] Optimized 1 net.  Swapped 42 pins.
INFO: [Physopt 32-735] Processed net vsg/S[3]. Optimization improves timing on the net.
INFO: [Physopt 32-619] Estimated Timing Summary | WNS=-4.253 | TNS=-146.869 |
INFO: [Physopt 32-608] Optimized 1 net.  Swapped 18 pins.
INFO: [Physopt 32-735] Processed net vsg/sen_sprite_x0_0[0]. Optimization improves timing on the net.
INFO: [Physopt 32-619] Estimated Timing Summary | WNS=-4.253 | TNS=-143.705 |
INFO: [Physopt 32-608] Optimized 1 net.  Swapped 29 pins.
INFO: [Physopt 32-735] Processed net vsg/h_count_reg[10]_7[0]. Optimization improves timing on the net.
INFO: [Physopt 32-619] Estimated Timing Summary | WNS=-4.249 | TNS=-143.649 |
INFO: [Physopt 32-608] Optimized 1 net.  Swapped 34 pins.
INFO: [Physopt 32-735] Processed net vsg/sen_sprite_x0_2[1]. Optimization improves timing on the net.
INFO: [Physopt 32-619] Estimated Timing Summary | WNS=-4.242 | TNS=-143.551 |
INFO: [Physopt 32-608] Optimized 1 net.  Swapped 20 pins.
INFO: [Physopt 32-735] Processed net vsg/sen_sprite_x0_1[0]. Optimization improves timing on the net.
INFO: [Physopt 32-619] Estimated Timing Summary | WNS=-4.235 | TNS=-143.453 |
INFO: [Physopt 32-608] Optimized 1 net.  Swapped 34 pins.
INFO: [Physopt 32-735] Processed net vsg/sen_sprite_x0_2[2]. Optimization improves timing on the net.
INFO: [Physopt 32-619] Estimated Timing Summary | WNS=-4.181 | TNS=-142.697 |
INFO: [Physopt 32-608] Optimized 1 net.  Swapped 20 pins.
INFO: [Physopt 32-735] Processed net vsg/sen_sprite_x0_1[2]. Optimization improves timing on the net.
INFO: [Physopt 32-619] Estimated Timing Summary | WNS=-4.158 | TNS=-142.375 |
INFO: [Physopt 32-608] Optimized 1 net.  Swapped 34 pins.
INFO: [Physopt 32-735] Processed net vsg/sen_sprite_x0_2[0]. Optimization improves timing on the net.
INFO: [Physopt 32-619] Estimated Timing Summary | WNS=-4.147 | TNS=-142.221 |
INFO: [Physopt 32-608] Optimized 1 net.  Swapped 29 pins.
INFO: [Physopt 32-735] Processed net vsg/h_count_reg[10]_7[1]. Optimization improves timing on the net.
INFO: [Physopt 32-619] Estimated Timing Summary | WNS=-4.140 | TNS=-142.078 |
INFO: [Physopt 32-608] Optimized 1 net.  Swapped 18 pins.
INFO: [Physopt 32-735] Processed net vsg/sen_sprite_x0_0[1]. Optimization improves timing on the net.
INFO: [Physopt 32-619] Estimated Timing Summary | WNS=-4.136 | TNS=-141.787 |
INFO: [Physopt 32-702] Processed net vsg/sen_sprite_x0_2[0]. Optimizations did not improve timing on the net.
INFO: [Physopt 32-702] Processed net vsg/cnt_reg[3][3]. Optimizations did not improve timing on the net.
INFO: [Physopt 32-702] Processed net vsg/A[5]. Optimizations did not improve timing on the net.
INFO: [Physopt 32-702] Processed net vsg/sen_sprite_x0_i_2_n_0. Optimizations did not improve timing on the net.
INFO: [Physopt 32-702] Processed net vsg/g0_b0_i_2_n_0. Optimizations did not improve timing on the net.
INFO: [Physopt 32-702] Processed net vsg/g0_b0_i_1_n_0. Optimizations did not improve timing on the net.
INFO: [Physopt 32-702] Processed net vsg/g0_b0_i_10_n_0. Optimizations did not improve timing on the net.
INFO: [Physopt 32-702] Processed net vsg/g0_b0_i_6_n_0. Optimizations did not improve timing on the net.
INFO: [Physopt 32-710] Processed net vsg/g0_b0_i_6_n_0. Critical path length was reduced through logic transformation on cell vsg/g0_b0_i_6_comp.
INFO: [Physopt 32-735] Processed net vsg/g0_b0_i_38_n_0. Optimization improves timing on the net.
INFO: [Physopt 32-619] Estimated Timing Summary | WNS=-4.078 | TNS=-139.351 |
INFO: [Physopt 32-608] Optimized 1 net.  Swapped 26 pins.
INFO: [Physopt 32-735] Processed net vsg/g0_b0_i_11_n_0. Optimization improves timing on the net.
INFO: [Physopt 32-619] Estimated Timing Summary | WNS=-4.036 | TNS=-137.587 |
INFO: [Physopt 32-702] Processed net vsg/g0_b0_i_37_n_4. Optimizations did not improve timing on the net.
INFO: [Physopt 32-702] Processed net vsg/g0_b0_i_85_n_0. Optimizations did not improve timing on the net.
INFO: [Physopt 32-710] Processed net vsg/g0_b0_i_85_n_0. Critical path length was reduced through logic transformation on cell vsg/g0_b0_i_85_comp.
INFO: [Physopt 32-735] Processed net vsg/g0_b0_i_35_n_0. Optimization improves timing on the net.
INFO: [Physopt 32-619] Estimated Timing Summary | WNS=-4.004 | TNS=-136.243 |
INFO: [Physopt 32-702] Processed net word/P[4]. Optimizations did not improve timing on the net.
INFO: [Physopt 32-81] Processed net vsg/h_count[0]. Replicated 2 times.
INFO: [Physopt 32-735] Processed net vsg/h_count[0]. Optimization improves timing on the net.
INFO: [Physopt 32-619] Estimated Timing Summary | WNS=-4.002 | TNS=-136.159 |
INFO: [Physopt 32-702] Processed net vsg/g0_b0_i_3_n_0. Optimizations did not improve timing on the net.
INFO: [Physopt 32-702] Processed net vsg/g0_b0_i_20_n_0. Optimizations did not improve timing on the net.
INFO: [Physopt 32-608] Optimized 1 net.  Swapped 26 pins.
INFO: [Physopt 32-735] Processed net vsg/g0_b0_i_56_n_0. Optimization improves timing on the net.
INFO: [Physopt 32-619] Estimated Timing Summary | WNS=-3.969 | TNS=-134.773 |
INFO: [Physopt 32-702] Processed net vsg/g0_b0_i_35_n_0_repN. Optimizations did not improve timing on the net.
INFO: [Physopt 32-81] Processed net vsg/h_count[6]. Replicated 3 times.
INFO: [Physopt 32-735] Processed net vsg/h_count[6]. Optimization improves timing on the net.
INFO: [Physopt 32-619] Estimated Timing Summary | WNS=-3.954 | TNS=-134.143 |
INFO: [Physopt 32-702] Processed net vsg/g0_b0_i_30_n_7. Optimizations did not improve timing on the net.
INFO: [Physopt 32-702] Processed net vsg/g0_b0_i_37_n_0. Optimizations did not improve timing on the net.
INFO: [Physopt 32-702] Processed net vsg/g0_b0_i_83_n_0. Optimizations did not improve timing on the net.
INFO: [Physopt 32-710] Processed net vsg/g0_b0_i_83_n_0. Critical path length was reduced through logic transformation on cell vsg/g0_b0_i_83_comp.
INFO: [Physopt 32-735] Processed net vsg/g0_b0_i_35_n_0. Optimization improves timing on the net.
INFO: [Physopt 32-619] Estimated Timing Summary | WNS=-3.953 | TNS=-134.101 |
INFO: [Physopt 32-702] Processed net vsg/g0_b0_i_38_n_0_repN. Optimizations did not improve timing on the net.
INFO: [Physopt 32-702] Processed net vsg/g0_b0_i_29_n_5. Optimizations did not improve timing on the net.
INFO: [Physopt 32-702] Processed net vsg/g0_b0_i_58_n_0. Optimizations did not improve timing on the net.
INFO: [Physopt 32-608] Optimized 1 net.  Swapped 9 pins.
INFO: [Physopt 32-735] Processed net vsg/g0_b0_i_110_n_0. Optimization improves timing on the net.
INFO: [Physopt 32-619] Estimated Timing Summary | WNS=-3.949 | TNS=-133.933 |
INFO: [Physopt 32-702] Processed net vsg/g0_b0_i_112_n_0. Optimizations did not improve timing on the net.
INFO: [Physopt 32-81] Processed net vsg/h_count[2]. Replicated 2 times.
INFO: [Physopt 32-735] Processed net vsg/h_count[2]. Optimization improves timing on the net.
INFO: [Physopt 32-619] Estimated Timing Summary | WNS=-3.948 | TNS=-133.891 |
INFO: [Physopt 32-702] Processed net vsg/g0_b0_i_84_n_0. Optimizations did not improve timing on the net.
INFO: [Physopt 32-710] Processed net vsg/g0_b0_i_84_n_0. Critical path length was reduced through logic transformation on cell vsg/g0_b0_i_84_comp.
INFO: [Physopt 32-735] Processed net vsg/g0_b0_i_35_n_0. Optimization improves timing on the net.
INFO: [Physopt 32-619] Estimated Timing Summary | WNS=-3.945 | TNS=-133.765 |
INFO: [Physopt 32-702] Processed net vsg/g0_b0_i_39_n_3. Optimizations did not improve timing on the net.
INFO: [Physopt 32-702] Processed net vsg/g0_b0_i_40_n_0. Optimizations did not improve timing on the net.
INFO: [Physopt 32-81] Processed net vsg/g0_b0_i_33_n_0. Replicated 1 times.
INFO: [Physopt 32-735] Processed net vsg/g0_b0_i_33_n_0. Optimization improves timing on the net.
INFO: [Physopt 32-619] Estimated Timing Summary | WNS=-3.944 | TNS=-133.723 |
INFO: [Physopt 32-81] Processed net vsg/h_count[6]_repN. Replicated 1 times.
INFO: [Physopt 32-735] Processed net vsg/h_count[6]_repN. Optimization improves timing on the net.
INFO: [Physopt 32-619] Estimated Timing Summary | WNS=-3.931 | TNS=-133.177 |
INFO: [Physopt 32-702] Processed net vsg/g0_b0_i_71_n_0. Optimizations did not improve timing on the net.
INFO: [Physopt 32-81] Processed net vsg/h_count[5]. Replicated 3 times.
INFO: [Physopt 32-735] Processed net vsg/h_count[5]. Optimization improves timing on the net.
INFO: [Physopt 32-619] Estimated Timing Summary | WNS=-3.912 | TNS=-132.379 |
INFO: [Physopt 32-81] Processed net vsg/h_count[7]. Replicated 2 times.
INFO: [Physopt 32-735] Processed net vsg/h_count[7]. Optimization improves timing on the net.
INFO: [Physopt 32-619] Estimated Timing Summary | WNS=-3.907 | TNS=-132.169 |
INFO: [Physopt 32-81] Processed net vsg/h_count[0]_repN. Replicated 1 times.
INFO: [Physopt 32-735] Processed net vsg/h_count[0]_repN. Optimization improves timing on the net.
INFO: [Physopt 32-619] Estimated Timing Summary | WNS=-3.903 | TNS=-132.001 |
INFO: [Physopt 32-702] Processed net vsg/g0_b0_i_33_n_0_repN. Optimizations did not improve timing on the net.
INFO: [Physopt 32-702] Processed net vsg/h_count[5]_repN. Optimizations did not improve timing on the net.
INFO: [Physopt 32-702] Processed net tmds_red/Q[3]. Optimizations did not improve timing on the net.
INFO: [Physopt 32-702] Processed net wizard_hdmi/clk_pixel_cw_hdmi. Optimizations did not improve timing on the net.
INFO: [Physopt 32-702] Processed net vsg/cnt[4]_i_3_n_0. Optimizations did not improve timing on the net.
INFO: [Physopt 32-702] Processed net vsg/cnt[4]_i_9_n_0. Optimizations did not improve timing on the net.
INFO: [Physopt 32-702] Processed net vsg/cnt[3]_i_10_n_0. Optimizations did not improve timing on the net.
INFO: [Physopt 32-702] Processed net vsg/cnt[4]_i_6_n_0. Optimizations did not improve timing on the net.
INFO: [Physopt 32-702] Processed net vsg/red[1]. Optimizations did not improve timing on the net.
INFO: [Physopt 32-702] Processed net vsg/v_count_reg[8]_3_repN. Optimizations did not improve timing on the net.
INFO: [Physopt 32-702] Processed net word/sensor_sprite/h_count_reg[9][0]. Optimizations did not improve timing on the net.
INFO: [Physopt 32-702] Processed net vsg/sen_sprite_x0_2[0]. Optimizations did not improve timing on the net.
INFO: [Physopt 32-702] Processed net vsg/cnt_reg[3][3]. Optimizations did not improve timing on the net.
INFO: [Physopt 32-702] Processed net vsg/A[5]. Optimizations did not improve timing on the net.
INFO: [Physopt 32-702] Processed net vsg/g0_b0_i_10_n_0. Optimizations did not improve timing on the net.
INFO: [Physopt 32-702] Processed net vsg/g0_b0_i_6_n_0. Optimizations did not improve timing on the net.
INFO: [Physopt 32-702] Processed net vsg/g0_b0_i_39_n_3. Optimizations did not improve timing on the net.
INFO: [Physopt 32-702] Processed net vsg/g0_b0_i_33_n_0_repN. Optimizations did not improve timing on the net.
INFO: [Physopt 32-702] Processed net word/P[4]. Optimizations did not improve timing on the net.
INFO: [Physopt 32-702] Processed net vsg/h_count[5]_repN. Optimizations did not improve timing on the net.
INFO: [Physopt 32-619] Estimated Timing Summary | WNS=-3.903 | TNS=-132.001 |
Netlist sorting complete. Time (s): cpu = 00:00:00 ; elapsed = 00:00:00 . Memory (MB): peak = 3282.094 ; gain = 0.000 ; free physical = 17909 ; free virtual = 36311
Phase 3 Critical Path Optimization | Checksum: 23948da92

Time (s): cpu = 00:00:14 ; elapsed = 00:00:05 . Memory (MB): peak = 3282.094 ; gain = 0.000 ; free physical = 17909 ; free virtual = 36311

Phase 4 Critical Path Optimization
INFO: [Physopt 32-619] Estimated Timing Summary | WNS=-3.903 | TNS=-132.001 |
INFO: [Physopt 32-702] Processed net tmds_red/Q[3]. Optimizations did not improve timing on the net.
INFO: [Physopt 32-702] Processed net wizard_hdmi/clk_pixel_cw_hdmi. Optimizations did not improve timing on the net.
INFO: [Physopt 32-702] Processed net vsg/cnt[4]_i_3_n_0. Optimizations did not improve timing on the net.
INFO: [Physopt 32-702] Processed net vsg/cnt[4]_i_9_n_0. Optimizations did not improve timing on the net.
INFO: [Physopt 32-702] Processed net vsg/cnt[3]_i_10_n_0. Optimizations did not improve timing on the net.
INFO: [Physopt 32-702] Processed net vsg/cnt[4]_i_6_n_0. Optimizations did not improve timing on the net.
INFO: [Physopt 32-702] Processed net vsg/red[1]. Optimizations did not improve timing on the net.
INFO: [Physopt 32-702] Processed net vsg/v_count_reg[8]_3_repN. Optimizations did not improve timing on the net.
INFO: [Physopt 32-702] Processed net word/sensor_sprite/h_count_reg[9][0]. Optimizations did not improve timing on the net.
INFO: [Physopt 32-702] Processed net word/sensor_sprite/_inferred__0/i__carry__0_n_0. Optimizations did not improve timing on the net.
INFO: [Physopt 32-702] Processed net vsg/sen_sprite_x0_2[0]. Optimizations did not improve timing on the net.
INFO: [Physopt 32-702] Processed net vsg/cnt_reg[3][3]. Optimizations did not improve timing on the net.
INFO: [Physopt 32-702] Processed net vsg/A[5]. Optimizations did not improve timing on the net.
INFO: [Physopt 32-702] Processed net vsg/sen_sprite_x0_i_2_n_0. Optimizations did not improve timing on the net.
INFO: [Physopt 32-702] Processed net vsg/g0_b0_i_2_n_0. Optimizations did not improve timing on the net.
INFO: [Physopt 32-702] Processed net vsg/g0_b0_i_1_n_0. Optimizations did not improve timing on the net.
INFO: [Physopt 32-702] Processed net vsg/g0_b0_i_10_n_0. Optimizations did not improve timing on the net.
INFO: [Physopt 32-702] Processed net vsg/g0_b0_i_6_n_0. Optimizations did not improve timing on the net.
INFO: [Physopt 32-702] Processed net vsg/g0_b0_i_39_n_3. Optimizations did not improve timing on the net.
INFO: [Physopt 32-702] Processed net vsg/g0_b0_i_40_n_0. Optimizations did not improve timing on the net.
INFO: [Physopt 32-702] Processed net vsg/g0_b0_i_33_n_0_repN. Optimizations did not improve timing on the net.
INFO: [Physopt 32-702] Processed net word/P[4]. Optimizations did not improve timing on the net.
INFO: [Physopt 32-702] Processed net vsg/h_count[5]_repN. Optimizations did not improve timing on the net.
INFO: [Physopt 32-702] Processed net tmds_red/Q[3]. Optimizations did not improve timing on the net.
INFO: [Physopt 32-702] Processed net wizard_hdmi/clk_pixel_cw_hdmi. Optimizations did not improve timing on the net.
INFO: [Physopt 32-702] Processed net vsg/cnt[4]_i_3_n_0. Optimizations did not improve timing on the net.
INFO: [Physopt 32-702] Processed net vsg/cnt[4]_i_9_n_0. Optimizations did not improve timing on the net.
INFO: [Physopt 32-702] Processed net vsg/cnt[3]_i_10_n_0. Optimizations did not improve timing on the net.
INFO: [Physopt 32-702] Processed net vsg/cnt[4]_i_6_n_0. Optimizations did not improve timing on the net.
INFO: [Physopt 32-702] Processed net vsg/red[1]. Optimizations did not improve timing on the net.
INFO: [Physopt 32-702] Processed net vsg/v_count_reg[8]_3_repN. Optimizations did not improve timing on the net.
INFO: [Physopt 32-702] Processed net word/sensor_sprite/h_count_reg[9][0]. Optimizations did not improve timing on the net.
INFO: [Physopt 32-702] Processed net vsg/sen_sprite_x0_2[0]. Optimizations did not improve timing on the net.
INFO: [Physopt 32-702] Processed net vsg/cnt_reg[3][3]. Optimizations did not improve timing on the net.
INFO: [Physopt 32-702] Processed net vsg/A[5]. Optimizations did not improve timing on the net.
INFO: [Physopt 32-702] Processed net vsg/g0_b0_i_10_n_0. Optimizations did not improve timing on the net.
INFO: [Physopt 32-702] Processed net vsg/g0_b0_i_6_n_0. Optimizations did not improve timing on the net.
INFO: [Physopt 32-702] Processed net vsg/g0_b0_i_39_n_3. Optimizations did not improve timing on the net.
INFO: [Physopt 32-702] Processed net vsg/g0_b0_i_33_n_0_repN. Optimizations did not improve timing on the net.
INFO: [Physopt 32-702] Processed net word/P[4]. Optimizations did not improve timing on the net.
INFO: [Physopt 32-702] Processed net vsg/h_count[5]_repN. Optimizations did not improve timing on the net.
INFO: [Physopt 32-619] Estimated Timing Summary | WNS=-3.903 | TNS=-132.001 |
Netlist sorting complete. Time (s): cpu = 00:00:00 ; elapsed = 00:00:00 . Memory (MB): peak = 3282.094 ; gain = 0.000 ; free physical = 17913 ; free virtual = 36314
Phase 4 Critical Path Optimization | Checksum: 23948da92

Time (s): cpu = 00:00:17 ; elapsed = 00:00:06 . Memory (MB): peak = 3282.094 ; gain = 0.000 ; free physical = 17913 ; free virtual = 36314
Netlist sorting complete. Time (s): cpu = 00:00:00 ; elapsed = 00:00:00 . Memory (MB): peak = 3282.094 ; gain = 0.000 ; free physical = 17913 ; free virtual = 36314
INFO: [Physopt 32-603] Post Physical Optimization Timing Summary | WNS=-3.903 | TNS=-132.001 |

Summary of Physical Synthesis Optimizations
============================================


-------------------------------------------------------------------------------------------------------------------------------------------------------------
|  Optimization   |  WNS Gain (ns)  |  TNS Gain (ns)  |  Added Cells  |  Removed Cells  |  Optimized Cells/Nets  |  Dont Touch  |  Iterations  |  Elapsed   |
-------------------------------------------------------------------------------------------------------------------------------------------------------------
|  DSP Register   |          0.000  |          0.000  |            0  |              0  |                     0  |           0  |           1  |  00:00:00  |
|  Critical Path  |          0.834  |         21.953  |           17  |              0  |                    51  |           0  |           2  |  00:00:06  |
|  Total          |          0.834  |         21.953  |           17  |              0  |                    51  |           0  |           3  |  00:00:06  |
-------------------------------------------------------------------------------------------------------------------------------------------------------------


Netlist sorting complete. Time (s): cpu = 00:00:00 ; elapsed = 00:00:00 . Memory (MB): peak = 3282.094 ; gain = 0.000 ; free physical = 17913 ; free virtual = 36314
Ending Physical Synthesis Task | Checksum: 197e362a3

Time (s): cpu = 00:00:17 ; elapsed = 00:00:06 . Memory (MB): peak = 3282.094 ; gain = 0.000 ; free physical = 17913 ; free virtual = 36314
INFO: [Common 17-83] Releasing license: Implementation
280 Infos, 0 Warnings, 0 Critical Warnings and 0 Errors encountered.
phys_opt_design completed successfully
phys_opt_design: Time (s): cpu = 00:00:17 ; elapsed = 00:00:06 . Memory (MB): peak = 3282.094 ; gain = 0.000 ; free physical = 17913 ; free virtual = 36314
# report_utilization -file $outputDir/post_place_util_hierarchical.rpt -hierarchical -hierarchical_depth 4 -hierarchical_min_primitive_count 0
# report_utilization -file $outputDir/post_place_util.rpt
# report_timing_summary -file $outputDir/post_place_timing_summary.rpt
# report_timing -file $outputDir/post_place_timing.rpt
INFO: [Timing 38-78] ReportTimingParams: -max_paths 1 -nworst 1 -delay_type max -sort_by slack.
# route_design -directive Explore
Command: route_design -directive Explore
Attempting to get a license for feature 'Implementation' and/or device 'xc7s50'
INFO: [Common 17-349] Got license for feature 'Implementation' and/or device 'xc7s50'
INFO: [DRC 23-27] Running DRC with 4 threads
INFO: [Vivado_Tcl 4-198] DRC finished with 0 Errors
INFO: [Vivado_Tcl 4-199] Please refer to the DRC report (report_drc) for more information.


Starting Routing Task
INFO: [Route 35-270] Using Router directive 'Explore'.
INFO: [Route 35-254] Multithreading enabled for route_design using a maximum of 4 CPUs

Phase 1 Build RT Design
Checksum: PlaceDB: 31626e50 ConstDB: 0 ShapeSum: 705dad21 RouteDB: aa913336
Post Restoration Checksum: NetGraph: 6015d8a | NumContArr: 30d2ad9 | Constraints: c2a8fa9d | Timing: c2a8fa9d
Phase 1 Build RT Design | Checksum: 18e607d9d

Time (s): cpu = 00:00:08 ; elapsed = 00:00:06 . Memory (MB): peak = 3282.094 ; gain = 0.000 ; free physical = 17920 ; free virtual = 36321

Phase 2 Router Initialization

Phase 2.1 Fix Topology Constraints
Phase 2.1 Fix Topology Constraints | Checksum: 18e607d9d

Time (s): cpu = 00:00:08 ; elapsed = 00:00:06 . Memory (MB): peak = 3282.094 ; gain = 0.000 ; free physical = 17920 ; free virtual = 36321

Phase 2.2 Pre Route Cleanup
Phase 2.2 Pre Route Cleanup | Checksum: 18e607d9d

Time (s): cpu = 00:00:08 ; elapsed = 00:00:06 . Memory (MB): peak = 3282.094 ; gain = 0.000 ; free physical = 17920 ; free virtual = 36321
 Number of Nodes with overlaps = 0

Phase 2.3 Update Timing
Phase 2.3 Update Timing | Checksum: 279de048b

Time (s): cpu = 00:00:09 ; elapsed = 00:00:07 . Memory (MB): peak = 3282.094 ; gain = 0.000 ; free physical = 17920 ; free virtual = 36322
INFO: [Route 35-416] Intermediate Timing Summary | WNS=-3.638 | TNS=-118.114| WHS=-0.404 | THS=-116.132|


Phase 2.4 Soft Constraint Pins - Fast Budgeting
Phase 2.4 Soft Constraint Pins - Fast Budgeting | Checksum: 2e3458387

Time (s): cpu = 00:00:10 ; elapsed = 00:00:07 . Memory (MB): peak = 3282.094 ; gain = 0.000 ; free physical = 17920 ; free virtual = 36322

Router Utilization Summary
  Global Vertical Routing Utilization    = 0 %
  Global Horizontal Routing Utilization  = 0 %
  Routable Net Status*
  *Does not include unroutable nets such as driverless and loadless.
  Run report_route_status for detailed report.
  Number of Failed Nets               = 8276
    (Failed Nets is the sum of unrouted and partially routed nets)
  Number of Unrouted Nets             = 8276
  Number of Partially Routed Nets     = 0
  Number of Node Overlaps             = 0

Phase 2 Router Initialization | Checksum: 306fb1107

Time (s): cpu = 00:00:10 ; elapsed = 00:00:07 . Memory (MB): peak = 3282.094 ; gain = 0.000 ; free physical = 17920 ; free virtual = 36322

Phase 3 Global Routing
Phase 3 Global Routing | Checksum: 306fb1107

Time (s): cpu = 00:00:10 ; elapsed = 00:00:07 . Memory (MB): peak = 3282.094 ; gain = 0.000 ; free physical = 17920 ; free virtual = 36322

Phase 4 Initial Routing

Phase 4.1 Initial Net Routing Pass
Phase 4.1 Initial Net Routing Pass | Checksum: 21d4c7fc6

Time (s): cpu = 00:00:12 ; elapsed = 00:00:08 . Memory (MB): peak = 3282.094 ; gain = 0.000 ; free physical = 17920 ; free virtual = 36322
Phase 4 Initial Routing | Checksum: 21d4c7fc6

Time (s): cpu = 00:00:12 ; elapsed = 00:00:08 . Memory (MB): peak = 3282.094 ; gain = 0.000 ; free physical = 17920 ; free virtual = 36322
INFO: [Route 35-580] Design has 7 pins with tight setup and hold constraints.

The top 5 pins with tight setup and hold constraints:

+====================+===================+=========================+
| Launch Setup Clock | Launch Hold Clock | Pin                     |
+====================+===================+=========================+
| clk_pixel_cw_hdmi  | clk_pixel_cw_hdmi | tmds_blue/cnt_reg[2]/D  |
| clk_pixel_cw_hdmi  | clk_pixel_cw_hdmi | tmds_red/tmds_reg[4]/D  |
| clk_pixel_cw_hdmi  | clk_pixel_cw_hdmi | tmds_red/tmds_reg[5]/D  |
| clk_pixel_cw_hdmi  | clk_pixel_cw_hdmi | tmds_blue/cnt_reg[1]/D  |
| clk_pixel_cw_hdmi  | clk_pixel_cw_hdmi | tmds_blue/tmds_reg[9]/D |
+--------------------+-------------------+-------------------------+

File with complete list of pins: tight_setup_hold_pins.txt


Phase 5 Rip-up And Reroute

Phase 5.1 Global Iteration 0
 Number of Nodes with overlaps = 1669
 Number of Nodes with overlaps = 557
 Number of Nodes with overlaps = 221
 Number of Nodes with overlaps = 75
 Number of Nodes with overlaps = 33
 Number of Nodes with overlaps = 9
 Number of Nodes with overlaps = 2
 Number of Nodes with overlaps = 1
 Number of Nodes with overlaps = 0
INFO: [Route 35-416] Intermediate Timing Summary | WNS=-5.225 | TNS=-176.308| WHS=N/A    | THS=N/A    |

Phase 5.1 Global Iteration 0 | Checksum: 20428083b

Time (s): cpu = 00:00:19 ; elapsed = 00:00:13 . Memory (MB): peak = 3282.094 ; gain = 0.000 ; free physical = 17922 ; free virtual = 36324

Phase 5.2 Global Iteration 1
 Number of Nodes with overlaps = 483
 Number of Nodes with overlaps = 108
 Number of Nodes with overlaps = 47
 Number of Nodes with overlaps = 8
 Number of Nodes with overlaps = 8
 Number of Nodes with overlaps = 2
 Number of Nodes with overlaps = 0
INFO: [Route 35-416] Intermediate Timing Summary | WNS=-4.970 | TNS=-166.043| WHS=N/A    | THS=N/A    |

Phase 5.2 Global Iteration 1 | Checksum: 1d935bf3f

Time (s): cpu = 00:00:22 ; elapsed = 00:00:15 . Memory (MB): peak = 3282.094 ; gain = 0.000 ; free physical = 17922 ; free virtual = 36324

Phase 5.3 Global Iteration 2
 Number of Nodes with overlaps = 410
 Number of Nodes with overlaps = 127
 Number of Nodes with overlaps = 43
 Number of Nodes with overlaps = 33
 Number of Nodes with overlaps = 14
 Number of Nodes with overlaps = 0
INFO: [Route 35-416] Intermediate Timing Summary | WNS=-5.155 | TNS=-175.819| WHS=N/A    | THS=N/A    |

Phase 5.3 Global Iteration 2 | Checksum: 2a4da6309

Time (s): cpu = 00:00:25 ; elapsed = 00:00:16 . Memory (MB): peak = 3282.094 ; gain = 0.000 ; free physical = 17922 ; free virtual = 36324
Phase 5 Rip-up And Reroute | Checksum: 2a4da6309

Time (s): cpu = 00:00:25 ; elapsed = 00:00:16 . Memory (MB): peak = 3282.094 ; gain = 0.000 ; free physical = 17922 ; free virtual = 36324

Phase 6 Delay and Skew Optimization

Phase 6.1 Delay CleanUp

Phase 6.1.1 Update Timing
Phase 6.1.1 Update Timing | Checksum: 20ede112e

Time (s): cpu = 00:00:25 ; elapsed = 00:00:16 . Memory (MB): peak = 3282.094 ; gain = 0.000 ; free physical = 17922 ; free virtual = 36324
INFO: [Route 35-416] Intermediate Timing Summary | WNS=-4.891 | TNS=-162.455| WHS=N/A    | THS=N/A    |

 Number of Nodes with overlaps = 0
Phase 6.1 Delay CleanUp | Checksum: 17580a06c

Time (s): cpu = 00:00:25 ; elapsed = 00:00:17 . Memory (MB): peak = 3282.094 ; gain = 0.000 ; free physical = 17922 ; free virtual = 36324

Phase 6.2 Clock Skew Optimization
Phase 6.2 Clock Skew Optimization | Checksum: 17580a06c

Time (s): cpu = 00:00:25 ; elapsed = 00:00:17 . Memory (MB): peak = 3282.094 ; gain = 0.000 ; free physical = 17922 ; free virtual = 36324
Phase 6 Delay and Skew Optimization | Checksum: 17580a06c

Time (s): cpu = 00:00:25 ; elapsed = 00:00:17 . Memory (MB): peak = 3282.094 ; gain = 0.000 ; free physical = 17922 ; free virtual = 36324

Phase 7 Post Hold Fix

Phase 7.1 Hold Fix Iter
INFO: [Route 35-416] Intermediate Timing Summary | WNS=-4.877 | TNS=-161.192| WHS=0.016  | THS=0.000  |

Phase 7.1 Hold Fix Iter | Checksum: 1ced6a020

Time (s): cpu = 00:00:26 ; elapsed = 00:00:17 . Memory (MB): peak = 3282.094 ; gain = 0.000 ; free physical = 17922 ; free virtual = 36324
Phase 7 Post Hold Fix | Checksum: 1ced6a020

Time (s): cpu = 00:00:26 ; elapsed = 00:00:17 . Memory (MB): peak = 3282.094 ; gain = 0.000 ; free physical = 17922 ; free virtual = 36324

Phase 8 Timing Verification

Phase 8.1 Update Timing
Phase 8.1 Update Timing | Checksum: 1ced6a020

Time (s): cpu = 00:00:26 ; elapsed = 00:00:17 . Memory (MB): peak = 3282.094 ; gain = 0.000 ; free physical = 17922 ; free virtual = 36324
INFO: [Route 35-416] Intermediate Timing Summary | WNS=-4.877 | TNS=-161.192| WHS=0.016  | THS=0.000  |

Phase 8 Timing Verification | Checksum: 1ced6a020

Time (s): cpu = 00:00:26 ; elapsed = 00:00:17 . Memory (MB): peak = 3282.094 ; gain = 0.000 ; free physical = 17922 ; free virtual = 36324

Phase 9 Route finalize

Router Utilization Summary
  Global Vertical Routing Utilization    = 3.20115 %
  Global Horizontal Routing Utilization  = 3.80479 %
  Routable Net Status*
  *Does not include unroutable nets such as driverless and loadless.
  Run report_route_status for detailed report.
  Number of Failed Nets               = 0
    (Failed Nets is the sum of unrouted and partially routed nets)
  Number of Unrouted Nets             = 0
  Number of Partially Routed Nets     = 0
  Number of Node Overlaps             = 0


--GLOBAL Congestion:
Utilization threshold used for congestion level computation: 0.85
Congestion Report
North Dir 1x1 Area, Max Cong = 57.6577%, No Congested Regions.
South Dir 1x1 Area, Max Cong = 47.7477%, No Congested Regions.
East Dir 1x1 Area, Max Cong = 63.2353%, No Congested Regions.
West Dir 1x1 Area, Max Cong = 58.8235%, No Congested Regions.

------------------------------
Reporting congestion hotspots
------------------------------
Direction: North
----------------
Congested clusters found at Level 0
Effective congestion level: 0 Aspect Ratio: 1 Sparse Ratio: 0
Direction: South
----------------
Congested clusters found at Level 0
Effective congestion level: 0 Aspect Ratio: 1 Sparse Ratio: 0
Direction: East
----------------
Congested clusters found at Level 0
Effective congestion level: 0 Aspect Ratio: 1 Sparse Ratio: 0
Direction: West
----------------
Congested clusters found at Level 0
Effective congestion level: 0 Aspect Ratio: 1 Sparse Ratio: 0

Phase 9 Route finalize | Checksum: 1ced6a020

Time (s): cpu = 00:00:26 ; elapsed = 00:00:17 . Memory (MB): peak = 3282.094 ; gain = 0.000 ; free physical = 17922 ; free virtual = 36324

Phase 10 Verifying routed nets

 Verification completed successfully
Phase 10 Verifying routed nets | Checksum: 1ced6a020

Time (s): cpu = 00:00:26 ; elapsed = 00:00:17 . Memory (MB): peak = 3282.094 ; gain = 0.000 ; free physical = 17922 ; free virtual = 36323

Phase 11 Depositing Routes
Phase 11 Depositing Routes | Checksum: 1a516e663

Time (s): cpu = 00:00:26 ; elapsed = 00:00:17 . Memory (MB): peak = 3282.094 ; gain = 0.000 ; free physical = 17922 ; free virtual = 36323

Phase 12 Incr Placement Change
Netlist sorting complete. Time (s): cpu = 00:00:00.01 ; elapsed = 00:00:00 . Memory (MB): peak = 3282.094 ; gain = 0.000 ; free physical = 17922 ; free virtual = 36323
INFO: [Place 30-746] Post Placement Timing Summary WNS=-4.572. For the most accurate timing information please run report_timing.
Ending IncrPlace Task | Checksum: 159d05119

Time (s): cpu = 00:00:08 ; elapsed = 00:00:06 . Memory (MB): peak = 3282.094 ; gain = 0.000 ; free physical = 17922 ; free virtual = 36323
Phase 12 Incr Placement Change | Checksum: 159d05119

Time (s): cpu = 00:00:34 ; elapsed = 00:00:23 . Memory (MB): peak = 3282.094 ; gain = 0.000 ; free physical = 17922 ; free virtual = 36323

Phase 13 Build RT Design
Checksum: PlaceDB: 45a190f ConstDB: 0 ShapeSum: ec4e751f RouteDB: 6927c2eb
Post Restoration Checksum: NetGraph: fbf2658b | NumContArr: 155e4f0a | Constraints: c2a8fa9d | Timing: c2a8fa9d
Phase 13 Build RT Design | Checksum: 296a2a9cf

Time (s): cpu = 00:00:35 ; elapsed = 00:00:24 . Memory (MB): peak = 3282.094 ; gain = 0.000 ; free physical = 17922 ; free virtual = 36323

Phase 14 Router Initialization

Phase 14.1 Fix Topology Constraints
Phase 14.1 Fix Topology Constraints | Checksum: 296a2a9cf

Time (s): cpu = 00:00:35 ; elapsed = 00:00:24 . Memory (MB): peak = 3282.094 ; gain = 0.000 ; free physical = 17922 ; free virtual = 36323

Phase 14.2 Pre Route Cleanup
Phase 14.2 Pre Route Cleanup | Checksum: 293a3330c

Time (s): cpu = 00:00:35 ; elapsed = 00:00:24 . Memory (MB): peak = 3282.094 ; gain = 0.000 ; free physical = 17922 ; free virtual = 36323
 Number of Nodes with overlaps = 0

Phase 14.3 Update Timing
Phase 14.3 Update Timing | Checksum: 26dad1956

Time (s): cpu = 00:00:37 ; elapsed = 00:00:24 . Memory (MB): peak = 3282.094 ; gain = 0.000 ; free physical = 17922 ; free virtual = 36323
INFO: [Route 35-416] Intermediate Timing Summary | WNS=-4.602 | TNS=-152.859| WHS=-0.404 | THS=-115.992|


Phase 14.4 Soft Constraint Pins - Fast Budgeting
Phase 14.4 Soft Constraint Pins - Fast Budgeting | Checksum: 1f89dacc4

Time (s): cpu = 00:00:38 ; elapsed = 00:00:25 . Memory (MB): peak = 3282.094 ; gain = 0.000 ; free physical = 17922 ; free virtual = 36323

Router Utilization Summary
  Global Vertical Routing Utilization    = 3.19054 %
  Global Horizontal Routing Utilization  = 3.79464 %
  Routable Net Status*
  *Does not include unroutable nets such as driverless and loadless.
  Run report_route_status for detailed report.
  Number of Failed Nets               = 100
    (Failed Nets is the sum of unrouted and partially routed nets)
  Number of Unrouted Nets             = 25
  Number of Partially Routed Nets     = 75
  Number of Node Overlaps             = 0

Phase 14 Router Initialization | Checksum: 1f89dacc4

Time (s): cpu = 00:00:38 ; elapsed = 00:00:25 . Memory (MB): peak = 3282.094 ; gain = 0.000 ; free physical = 17922 ; free virtual = 36323

Phase 15 Global Routing
Phase 15 Global Routing | Checksum: 1f89dacc4

Time (s): cpu = 00:00:38 ; elapsed = 00:00:25 . Memory (MB): peak = 3282.094 ; gain = 0.000 ; free physical = 17922 ; free virtual = 36323

Phase 16 Initial Routing

Phase 16.1 Initial Net Routing Pass
Phase 16.1 Initial Net Routing Pass | Checksum: 315c9bf75

Time (s): cpu = 00:00:38 ; elapsed = 00:00:25 . Memory (MB): peak = 3282.094 ; gain = 0.000 ; free physical = 17922 ; free virtual = 36323
Phase 16 Initial Routing | Checksum: 315c9bf75

Time (s): cpu = 00:00:38 ; elapsed = 00:00:25 . Memory (MB): peak = 3282.094 ; gain = 0.000 ; free physical = 17922 ; free virtual = 36323
INFO: [Route 35-580] Design has 6 pins with tight setup and hold constraints.

The top 5 pins with tight setup and hold constraints:

+====================+===================+=========================+
| Launch Setup Clock | Launch Hold Clock | Pin                     |
+====================+===================+=========================+
| clk_pixel_cw_hdmi  | clk_pixel_cw_hdmi | tmds_blue/cnt_reg[2]/D  |
| clk_pixel_cw_hdmi  | clk_pixel_cw_hdmi | tmds_red/tmds_reg[4]/D  |
| clk_pixel_cw_hdmi  | clk_pixel_cw_hdmi | tmds_blue/cnt_reg[1]/D  |
| clk_pixel_cw_hdmi  | clk_pixel_cw_hdmi | tmds_blue/tmds_reg[9]/D |
| clk_pixel_cw_hdmi  | clk_pixel_cw_hdmi | tmds_red/tmds_reg[8]/D  |
+--------------------+-------------------+-------------------------+

File with complete list of pins: tight_setup_hold_pins.txt


Phase 17 Rip-up And Reroute

Phase 17.1 Global Iteration 0
 Number of Nodes with overlaps = 401
 Number of Nodes with overlaps = 217
 Number of Nodes with overlaps = 100
 Number of Nodes with overlaps = 41
 Number of Nodes with overlaps = 24
 Number of Nodes with overlaps = 16
 Number of Nodes with overlaps = 4
 Number of Nodes with overlaps = 0
INFO: [Route 35-416] Intermediate Timing Summary | WNS=-5.036 | TNS=-169.479| WHS=N/A    | THS=N/A    |

Phase 17.1 Global Iteration 0 | Checksum: 29b1e6516

Time (s): cpu = 00:00:41 ; elapsed = 00:00:27 . Memory (MB): peak = 3282.094 ; gain = 0.000 ; free physical = 17922 ; free virtual = 36324

Phase 17.2 Global Iteration 1
 Number of Nodes with overlaps = 563
 Number of Nodes with overlaps = 205
 Number of Nodes with overlaps = 95
 Number of Nodes with overlaps = 23
 Number of Nodes with overlaps = 16
 Number of Nodes with overlaps = 5
 Number of Nodes with overlaps = 1
 Number of Nodes with overlaps = 1
 Number of Nodes with overlaps = 0
INFO: [Route 35-416] Intermediate Timing Summary | WNS=-5.113 | TNS=-172.192| WHS=N/A    | THS=N/A    |

Phase 17.2 Global Iteration 1 | Checksum: 243d6df2e

Time (s): cpu = 00:00:44 ; elapsed = 00:00:28 . Memory (MB): peak = 3282.094 ; gain = 0.000 ; free physical = 17923 ; free virtual = 36324
Phase 17 Rip-up And Reroute | Checksum: 243d6df2e

Time (s): cpu = 00:00:44 ; elapsed = 00:00:28 . Memory (MB): peak = 3282.094 ; gain = 0.000 ; free physical = 17923 ; free virtual = 36324

Phase 18 Delay and Skew Optimization

Phase 18.1 Delay CleanUp

Phase 18.1.1 Update Timing
Phase 18.1.1 Update Timing | Checksum: 1ef4f871d

Time (s): cpu = 00:00:44 ; elapsed = 00:00:29 . Memory (MB): peak = 3282.094 ; gain = 0.000 ; free physical = 17923 ; free virtual = 36324
INFO: [Route 35-416] Intermediate Timing Summary | WNS=-4.957 | TNS=-165.914| WHS=N/A    | THS=N/A    |

 Number of Nodes with overlaps = 0
Phase 18.1 Delay CleanUp | Checksum: 21becd2d9

Time (s): cpu = 00:00:44 ; elapsed = 00:00:29 . Memory (MB): peak = 3282.094 ; gain = 0.000 ; free physical = 17923 ; free virtual = 36324

Phase 18.2 Clock Skew Optimization
Phase 18.2 Clock Skew Optimization | Checksum: 21becd2d9

Time (s): cpu = 00:00:44 ; elapsed = 00:00:29 . Memory (MB): peak = 3282.094 ; gain = 0.000 ; free physical = 17923 ; free virtual = 36324
Phase 18 Delay and Skew Optimization | Checksum: 21becd2d9

Time (s): cpu = 00:00:44 ; elapsed = 00:00:29 . Memory (MB): peak = 3282.094 ; gain = 0.000 ; free physical = 17923 ; free virtual = 36324

Phase 19 Post Hold Fix

Phase 19.1 Hold Fix Iter
INFO: [Route 35-416] Intermediate Timing Summary | WNS=-4.873 | TNS=-162.473| WHS=0.016  | THS=0.000  |

Phase 19.1 Hold Fix Iter | Checksum: 21f0c5c97

Time (s): cpu = 00:00:45 ; elapsed = 00:00:29 . Memory (MB): peak = 3282.094 ; gain = 0.000 ; free physical = 17923 ; free virtual = 36324
Phase 19 Post Hold Fix | Checksum: 21f0c5c97

Time (s): cpu = 00:00:45 ; elapsed = 00:00:29 . Memory (MB): peak = 3282.094 ; gain = 0.000 ; free physical = 17923 ; free virtual = 36324

Phase 20 Timing Verification

Phase 20.1 Update Timing
Phase 20.1 Update Timing | Checksum: 21f0c5c97

Time (s): cpu = 00:00:45 ; elapsed = 00:00:29 . Memory (MB): peak = 3282.094 ; gain = 0.000 ; free physical = 17923 ; free virtual = 36324
INFO: [Route 35-416] Intermediate Timing Summary | WNS=-4.873 | TNS=-162.473| WHS=0.016  | THS=0.000  |

Phase 20 Timing Verification | Checksum: 21f0c5c97

Time (s): cpu = 00:00:45 ; elapsed = 00:00:29 . Memory (MB): peak = 3282.094 ; gain = 0.000 ; free physical = 17923 ; free virtual = 36324

Phase 21 Route finalize

Router Utilization Summary
  Global Vertical Routing Utilization    = 3.20163 %
  Global Horizontal Routing Utilization  = 3.81533 %
  Routable Net Status*
  *Does not include unroutable nets such as driverless and loadless.
  Run report_route_status for detailed report.
  Number of Failed Nets               = 0
    (Failed Nets is the sum of unrouted and partially routed nets)
  Number of Unrouted Nets             = 0
  Number of Partially Routed Nets     = 0
  Number of Node Overlaps             = 0


--GLOBAL Congestion:
Utilization threshold used for congestion level computation: 0.85
Congestion Report
North Dir 1x1 Area, Max Cong = 57.6577%, No Congested Regions.
South Dir 1x1 Area, Max Cong = 47.7477%, No Congested Regions.
East Dir 1x1 Area, Max Cong = 63.2353%, No Congested Regions.
West Dir 1x1 Area, Max Cong = 60.2941%, No Congested Regions.

------------------------------
Reporting congestion hotspots
------------------------------
Direction: North
----------------
Congested clusters found at Level 0
Effective congestion level: 0 Aspect Ratio: 1 Sparse Ratio: 0
Direction: South
----------------
Congested clusters found at Level 0
Effective congestion level: 0 Aspect Ratio: 1 Sparse Ratio: 0
Direction: East
----------------
Congested clusters found at Level 0
Effective congestion level: 0 Aspect Ratio: 1 Sparse Ratio: 0
Direction: West
----------------
Congested clusters found at Level 0
Effective congestion level: 0 Aspect Ratio: 1 Sparse Ratio: 0

Phase 21 Route finalize | Checksum: 21f0c5c97

Time (s): cpu = 00:00:45 ; elapsed = 00:00:29 . Memory (MB): peak = 3282.094 ; gain = 0.000 ; free physical = 17923 ; free virtual = 36324

Phase 22 Verifying routed nets

 Verification completed successfully
Phase 22 Verifying routed nets | Checksum: 21f0c5c97

Time (s): cpu = 00:00:45 ; elapsed = 00:00:29 . Memory (MB): peak = 3282.094 ; gain = 0.000 ; free physical = 17923 ; free virtual = 36324

Phase 23 Depositing Routes
Phase 23 Depositing Routes | Checksum: 2d54e335d

Time (s): cpu = 00:00:46 ; elapsed = 00:00:29 . Memory (MB): peak = 3282.094 ; gain = 0.000 ; free physical = 17922 ; free virtual = 36324

Phase 24 Post Process Routing
Phase 24 Post Process Routing | Checksum: 2d54e335d

Time (s): cpu = 00:00:46 ; elapsed = 00:00:29 . Memory (MB): peak = 3282.094 ; gain = 0.000 ; free physical = 17922 ; free virtual = 36324

Phase 25 Post Router Timing
INFO: [Route 35-20] Post Routing Timing Summary | WNS=-4.863 | TNS=-162.091| WHS=0.017  | THS=0.000  |

Phase 25 Post Router Timing | Checksum: 36ee0a7ac

Time (s): cpu = 00:00:47 ; elapsed = 00:00:29 . Memory (MB): peak = 3282.094 ; gain = 0.000 ; free physical = 17922 ; free virtual = 36324
CRITICAL WARNING: [Route 35-39] The design did not meet timing requirements. Please run report_timing_summary for detailed reports.
Resolution: Verify that the timing was met or had small violations at all previous steps (synthesis, placement, power_opt, and phys_opt). Run report_timing_summary and analyze individual timing paths.
INFO: [Route 35-253] TNS is the sum of the worst slack violation on every endpoint in the design. Review the paths with the biggest WNS violations in the timing reports and modify your constraints or your design to improve both WNS and TNS.
Total Elapsed time in route_design: 29.5 secs

Phase 26 Post-Route Event Processing
Phase 26 Post-Route Event Processing | Checksum: 1ee763028

Time (s): cpu = 00:00:47 ; elapsed = 00:00:30 . Memory (MB): peak = 3282.094 ; gain = 0.000 ; free physical = 17922 ; free virtual = 36324
INFO: [Route 35-16] Router Completed Successfully
Ending Routing Task | Checksum: 1ee763028

Time (s): cpu = 00:00:47 ; elapsed = 00:00:30 . Memory (MB): peak = 3282.094 ; gain = 0.000 ; free physical = 17922 ; free virtual = 36324

Routing Is Done.
INFO: [Common 17-83] Releasing license: Implementation
26 Infos, 0 Warnings, 1 Critical Warnings and 0 Errors encountered.
route_design completed successfully
route_design: Time (s): cpu = 00:00:48 ; elapsed = 00:00:30 . Memory (MB): peak = 3282.094 ; gain = 0.000 ; free physical = 17922 ; free virtual = 36324
# report_route_status -file $outputDir/post_route_status.rpt
# report_timing_summary -file $outputDir/post_route_timing_summary.rpt
# report_timing -file $outputDir/post_route_timing.rpt
INFO: [Timing 38-78] ReportTimingParams: -max_paths 1 -nworst 1 -delay_type max -sort_by slack.
# report_power -file $outputDir/post_route_power.rpt
Command: report_power -file obj/post_route_power.rpt
Running Vector-less Activity Propagation...

Finished Running Vector-less Activity Propagation
0 Infos, 0 Warnings, 0 Critical Warnings and 0 Errors encountered.
report_power completed successfully
# report_drc -file $outputDir/post_imp_drc.rpt
Command: report_drc -file obj/post_imp_drc.rpt
INFO: [IP_Flow 19-234] Refreshing IP repositories
INFO: [IP_Flow 19-1704] No user IP repositories specified
INFO: [IP_Flow 19-2313] Loaded Vivado IP repository '/tools/Xilinx/2025.1/Vivado/data/ip'.
INFO: [DRC 23-27] Running DRC with 4 threads
INFO: [Vivado_Tcl 2-168] The results of DRC are in file /home/fpga/worker_place/temp/temp/20b5fb0942ca4bf394788858962ed3c2/obj/post_imp_drc.rpt.
report_drc completed successfully
# write_bitstream -force $outputDir/final.bit
Command: write_bitstream -force obj/final.bit
Attempting to get a license for feature 'Implementation' and/or device 'xc7s50'
INFO: [Common 17-349] Got license for feature 'Implementation' and/or device 'xc7s50'
Running DRC as a precondition to command write_bitstream
INFO: [IP_Flow 19-1839] IP Catalog is up to date.
INFO: [DRC 23-27] Running DRC with 4 threads
INFO: [Vivado 12-3199] DRC finished with 0 Errors
INFO: [Vivado 12-3200] Please refer to the DRC report (report_drc) for more information.
INFO: [Designutils 20-2272] Running write_bitstream with 4 threads.
Loading data files...
Loading site data...
Loading route data...
Processing options...
Creating bitmap...
Creating bitstream...
Bitstream compression saved 8709504 bits.
Writing bitstream obj/final.bit...
INFO: [Vivado 12-1842] Bitgen Completed Successfully.
INFO: [Common 17-83] Releasing license: Implementation
8 Infos, 0 Warnings, 0 Critical Warnings and 0 Errors encountered.
write_bitstream completed successfully
write_bitstream: Time (s): cpu = 00:00:11 ; elapsed = 00:00:25 . Memory (MB): peak = 3367.750 ; gain = 85.656 ; free physical = 17776 ; free virtual = 36178
INFO: [Common 17-206] Exiting Vivado at Wed Nov 26 15:44:06 2025...
